region,region_folder,clinic_folder,master_row,clinic_name,province,district,phone,suggested_logo_filename
กรุงเทพและปริมณฑล,/Users/chamacbook/Desktop/KNA/dep/outputs/clinic_logos_by_region/01_กรุงเทพและปริมณฑล,/Users/chamacbook/Desktop/KNA/dep/outputs/clinic_logos_by_region/01_กรุงเทพและปริมณฑล/001_row5_Amale clinic,5,Amale clinic,กรุงเทพมหานคร,ดอนเมือง,0842565499,logo.png
กรุงเทพและปริมณฑล,/Users/chamacbook/Desktop/KNA/dep/outputs/clinic_logos_by_region/01_กรุงเทพและปริมณฑล,/Users/chamacbook/Desktop/KNA/dep/outputs/clinic_logos_by_region/01_กรุงเทพและปริมณฑล/002_row6_Vitawelle clinic,6,Vitawelle clinic,กรุงเทพมหานคร,ดอนเมือง,0621936295,logo.png
กรุงเทพและปริมณฑล,/Users/chamacbook/Desktop/KNA/dep/outputs/clinic_logos_by_region/01_กรุงเทพและปริมณฑล,/Users/chamacbook/Desktop/KNA/dep/outputs/clinic_logos_by_region/01_กรุงเทพและปริมณฑล/003_row7_บิลเลี่ยนแคร์ คลินิก,7,บิลเลี่ยนแคร์ คลินิก,กรุงเทพมหานคร,ดอนเมือง,0945263636,logo.png
กรุงเทพและปริมณฑล,/Users/chamacbook/Desktop/KNA/dep/outputs/clinic_logos_by_region/01_กรุงเทพและปริมณฑล,/Users/chamacbook/Desktop/KNA/dep/outputs/clinic_logos_by_region/01_กรุงเทพและปริมณฑล/004_row8_สตาร์ซีเครทคลินิกเวชกรรม,8,สตาร์ซีเครทคลินิกเวชกรรม,กรุงเทพมหานคร,ดอนเมือง,0804959292,logo.png
กรุงเทพและปริมณฑล,/Users/chamacbook/Desktop/KNA/dep/outputs/clinic_logos_by_region/01_กรุงเทพและปริมณฑล,/Users/chamacbook/Desktop/KNA/dep/outputs/clinic_logos_by_region/01_กรุงเทพและปริมณฑล/005_row9_แพทย์รวิวรรณ ไฝสัมฤทธิ์,9,แพทย์รวิวรรณ ไฝสัมฤทธิ์,กรุงเทพมหานคร,ดอนเมือง,0969936541,logo.png
กรุงเทพและปริมณฑล,/Users/chamacbook/Desktop/KNA/dep/outputs/clinic_logos_by_region/01_กรุงเทพและปริมณฑล,/Users/chamacbook/Desktop/KNA/dep/outputs/clinic_logos_by_region/01_กรุงเทพและปริมณฑล/006_row10_Harmonious Clinic,10,Harmonious Clinic,กรุงเทพมหานคร,บางเขน,0804516532,logo.png
กรุงเทพและปริมณฑล,/Users/chamacbook/Desktop/KNA/dep/outputs/clinic_logos_by_region/01_กรุงเทพและปริมณฑล,/Users/chamacbook/Desktop/KNA/dep/outputs/clinic_logos_by_region/01_กรุงเทพและปริมณฑล/007_row11_Ravis Clinic,11,Ravis Clinic,กรุงเทพมหานคร,บางเขน,0626653289,logo.png
กรุงเทพและปริมณฑล,/Users/chamacbook/Desktop/KNA/dep/outputs/clinic_logos_by_region/01_กรุงเทพและปริมณฑล,/Users/chamacbook/Desktop/KNA/dep/outputs/clinic_logos_by_region/01_กรุงเทพและปริมณฑล/008_row12_Time Saneh clinic,12,Time Saneh clinic,กรุงเทพมหานคร,บางเขน,0927245268,logo.png
กรุงเทพและปริมณฑล,/Users/chamacbook/Desktop/KNA/dep/outputs/clinic_logos_by_region/01_กรุงเทพและปริมณฑล,/Users/chamacbook/Desktop/KNA/dep/outputs/clinic_logos_by_region/01_กรุงเทพและปริมณฑล/009_row13_จิระนันท์ ศิริวงศ์,13,จิระนันท์ ศิริวงศ์,กรุงเทพมหานคร,บางเขน,0984422462,logo.png
กรุงเทพและปริมณฑล,/Users/chamacbook/Desktop/KNA/dep/outputs/clinic_logos_by_region/01_กรุงเทพและปริมณฑล,/Users/chamacbook/Desktop/KNA/dep/outputs/clinic_logos_by_region/01_กรุงเทพและปริมณฑล/010_row14_ชนากานต์คลินิก สมุทรปราการ,14,ชนากานต์คลินิก สมุทรปราการ,กรุงเทพมหานคร,บางเขน,0864096638,logo.png
กรุงเทพและปริมณฑล,/Users/chamacbook/Desktop/KNA/dep/outputs/clinic_logos_by_region/01_กรุงเทพและปริมณฑล,/Users/chamacbook/Desktop/KNA/dep/outputs/clinic_logos_by_region/01_กรุงเทพและปริมณฑล/011_row15_พธู คลินิก,15,พธู คลินิก,กรุงเทพมหานคร,บางเขน,0894128837,logo.png
กรุงเทพและปริมณฑล,/Users/chamacbook/Desktop/KNA/dep/outputs/clinic_logos_by_region/01_กรุงเทพและปริมณฑล,/Users/chamacbook/Desktop/KNA/dep/outputs/clinic_logos_by_region/01_กรุงเทพและปริมณฑล/012_row16_เดอะริทซ์คลินิกเวชกรรม,16,เดอะริทซ์คลินิกเวชกรรม,กรุงเทพมหานคร,บางเขน,0950075932,logo.png
กรุงเทพและปริมณฑล,/Users/chamacbook/Desktop/KNA/dep/outputs/clinic_logos_by_region/01_กรุงเทพและปริมณฑล,/Users/chamacbook/Desktop/KNA/dep/outputs/clinic_logos_by_region/01_กรุงเทพและปริมณฑล/013_row17_The shin clinic,17,The shin clinic,กรุงเทพมหานคร,มีนบุรี,0614465444,logo.png
กรุงเทพและปริมณฑล,/Users/chamacbook/Desktop/KNA/dep/outputs/clinic_logos_by_region/01_กรุงเทพและปริมณฑล,/Users/chamacbook/Desktop/KNA/dep/outputs/clinic_logos_by_region/01_กรุงเทพและปริมณฑล/014_row18_พญ.พนิดา จรรย์ศุภรินทร์,18,พญ.พนิดา จรรย์ศุภรินทร์,กรุงเทพมหานคร,เขตคลองสาน,0899201944,logo.png
กรุงเทพและปริมณฑล,/Users/chamacbook/Desktop/KNA/dep/outputs/clinic_logos_by_region/01_กรุงเทพและปริมณฑล,/Users/chamacbook/Desktop/KNA/dep/outputs/clinic_logos_by_region/01_กรุงเทพและปริมณฑล/015_row19_ด็อกเตอร์จิลลี่คลินิกเวชกรรม,19,ด็อกเตอร์จิลลี่คลินิกเวชกรรม,กรุงเทพมหานคร,เขตคลองสามวา,0983905829,logo.png
กรุงเทพและปริมณฑล,/Users/chamacbook/Desktop/KNA/dep/outputs/clinic_logos_by_region/01_กรุงเทพและปริมณฑล,/Users/chamacbook/Desktop/KNA/dep/outputs/clinic_logos_by_region/01_กรุงเทพและปริมณฑล/016_row20_The image Clinic,20,The image Clinic,กรุงเทพมหานคร,เขตคลองเตย,0887899799,logo.png
กรุงเทพและปริมณฑล,/Users/chamacbook/Desktop/KNA/dep/outputs/clinic_logos_by_region/01_กรุงเทพและปริมณฑล,/Users/chamacbook/Desktop/KNA/dep/outputs/clinic_logos_by_region/01_กรุงเทพและปริมณฑล/017_row21_APEX Medical Center,21,APEX Medical Center,กรุงเทพมหานคร,เขตคลองเตย,026624752,logo.png
กรุงเทพและปริมณฑล,/Users/chamacbook/Desktop/KNA/dep/outputs/clinic_logos_by_region/01_กรุงเทพและปริมณฑล,/Users/chamacbook/Desktop/KNA/dep/outputs/clinic_logos_by_region/01_กรุงเทพและปริมณฑล/018_row22_AVANESS CLINIC,22,AVANESS CLINIC,กรุงเทพมหานคร,เขตคลองเตย,0874428994,logo.png
กรุงเทพและปริมณฑล,/Users/chamacbook/Desktop/KNA/dep/outputs/clinic_logos_by_region/01_กรุงเทพและปริมณฑล,/Users/chamacbook/Desktop/KNA/dep/outputs/clinic_logos_by_region/01_กรุงเทพและปริมณฑล/019_row23_Dr.Waleerat Clinic,23,Dr.Waleerat Clinic,กรุงเทพมหานคร,เขตคลองเตย,0959894619,logo.png
กรุงเทพและปริมณฑล,/Users/chamacbook/Desktop/KNA/dep/outputs/clinic_logos_by_region/01_กรุงเทพและปริมณฑล,/Users/chamacbook/Desktop/KNA/dep/outputs/clinic_logos_by_region/01_กรุงเทพและปริมณฑล/020_row24_NEVERLAND CLINIC,24,NEVERLAND CLINIC,กรุงเทพมหานคร,เขตคลองเตย,0959156474,logo.png
กรุงเทพและปริมณฑล,/Users/chamacbook/Desktop/KNA/dep/outputs/clinic_logos_by_region/01_กรุงเทพและปริมณฑล,/Users/chamacbook/Desktop/KNA/dep/outputs/clinic_logos_by_region/01_กรุงเทพและปริมณฑล/021_row25_Neverland Clinic,25,Neverland Clinic,กรุงเทพมหานคร,เขตคลองเตย,0959156474,logo.png
กรุงเทพและปริมณฑล,/Users/chamacbook/Desktop/KNA/dep/outputs/clinic_logos_by_region/01_กรุงเทพและปริมณฑล,/Users/chamacbook/Desktop/KNA/dep/outputs/clinic_logos_by_region/01_กรุงเทพและปริมณฑล/022_row26_Neverland Clinic,26,Neverland Clinic,กรุงเทพมหานคร,เขตคลองเตย,0959156474,logo.png
กรุงเทพและปริมณฑล,/Users/chamacbook/Desktop/KNA/dep/outputs/clinic_logos_by_region/01_กรุงเทพและปริมณฑล,/Users/chamacbook/Desktop/KNA/dep/outputs/clinic_logos_by_region/01_กรุงเทพและปริมณฑล/023_row27_TWENTY ONE WELLNESS,27,TWENTY ONE WELLNESS,กรุงเทพมหานคร,เขตคลองเตย,0874428994,logo.png
กรุงเทพและปริมณฑล,/Users/chamacbook/Desktop/KNA/dep/outputs/clinic_logos_by_region/01_กรุงเทพและปริมณฑล,/Users/chamacbook/Desktop/KNA/dep/outputs/clinic_logos_by_region/01_กรุงเทพและปริมณฑล/024_row28_The V-Sage Clinic,28,The V-Sage Clinic,กรุงเทพมหานคร,เขตคลองเตย,0801515155,logo.png
กรุงเทพและปริมณฑล,/Users/chamacbook/Desktop/KNA/dep/outputs/clinic_logos_by_region/01_กรุงเทพและปริมณฑล,/Users/chamacbook/Desktop/KNA/dep/outputs/clinic_logos_by_region/01_กรุงเทพและปริมณฑล/025_row29_พญ.กาณต์รวี กมลรัตนพิบูล,29,พญ.กาณต์รวี กมลรัตนพิบูล,กรุงเทพมหานคร,เขตคลองเตย,0829141928,logo.png
กรุงเทพและปริมณฑล,/Users/chamacbook/Desktop/KNA/dep/outputs/clinic_logos_by_region/01_กรุงเทพและปริมณฑล,/Users/chamacbook/Desktop/KNA/dep/outputs/clinic_logos_by_region/01_กรุงเทพและปริมณฑล/026_row30_วัน เซอเจอรี่ คลินิกเวชกรรม,30,วัน เซอเจอรี่ คลินิกเวชกรรม,กรุงเทพมหานคร,เขตคลองเตย,092-445-85,logo.png
กรุงเทพและปริมณฑล,/Users/chamacbook/Desktop/KNA/dep/outputs/clinic_logos_by_region/01_กรุงเทพและปริมณฑล,/Users/chamacbook/Desktop/KNA/dep/outputs/clinic_logos_by_region/01_กรุงเทพและปริมณฑล/027_row31_Dermapride clinic,31,Dermapride clinic,กรุงเทพมหานคร,เขตคันนายาว,0921955995,logo.png
กรุงเทพและปริมณฑล,/Users/chamacbook/Desktop/KNA/dep/outputs/clinic_logos_by_region/01_กรุงเทพและปริมณฑล,/Users/chamacbook/Desktop/KNA/dep/outputs/clinic_logos_by_region/01_กรุงเทพและปริมณฑล/028_row32_Silverine clinic,32,Silverine clinic,กรุงเทพมหานคร,เขตคันนายาว,0922614655,logo.png
กรุงเทพและปริมณฑล,/Users/chamacbook/Desktop/KNA/dep/outputs/clinic_logos_by_region/01_กรุงเทพและปริมณฑล,/Users/chamacbook/Desktop/KNA/dep/outputs/clinic_logos_by_region/01_กรุงเทพและปริมณฑล/029_row33_Amara Clinic,33,Amara Clinic,กรุงเทพมหานคร,เขตจตุจักร,0944188209,logo.png
กรุงเทพและปริมณฑล,/Users/chamacbook/Desktop/KNA/dep/outputs/clinic_logos_by_region/01_กรุงเทพและปริมณฑล,/Users/chamacbook/Desktop/KNA/dep/outputs/clinic_logos_by_region/01_กรุงเทพและปริมณฑล/030_row34_DMOR CLINIC,34,DMOR CLINIC,กรุงเทพมหานคร,เขตจตุจักร,0919125000,logo.png
กรุงเทพและปริมณฑล,/Users/chamacbook/Desktop/KNA/dep/outputs/clinic_logos_by_region/01_กรุงเทพและปริมณฑล,/Users/chamacbook/Desktop/KNA/dep/outputs/clinic_logos_by_region/01_กรุงเทพและปริมณฑล/031_row35_ECE Clinic,35,ECE Clinic,กรุงเทพมหานคร,เขตจตุจักร,0825455595,logo.png
กรุงเทพและปริมณฑล,/Users/chamacbook/Desktop/KNA/dep/outputs/clinic_logos_by_region/01_กรุงเทพและปริมณฑล,/Users/chamacbook/Desktop/KNA/dep/outputs/clinic_logos_by_region/01_กรุงเทพและปริมณฑล/032_row36_Le Bangkok Clinic,36,Le Bangkok Clinic,กรุงเทพมหานคร,เขตจตุจักร,0828228822,logo.png
กรุงเทพและปริมณฑล,/Users/chamacbook/Desktop/KNA/dep/outputs/clinic_logos_by_region/01_กรุงเทพและปริมณฑล,/Users/chamacbook/Desktop/KNA/dep/outputs/clinic_logos_by_region/01_กรุงเทพและปริมณฑล/033_row37_Lullaby Clinic,37,Lullaby Clinic,กรุงเทพมหานคร,เขตจตุจักร,0855393295,logo.png
กรุงเทพและปริมณฑล,/Users/chamacbook/Desktop/KNA/dep/outputs/clinic_logos_by_region/01_กรุงเทพและปริมณฑล,/Users/chamacbook/Desktop/KNA/dep/outputs/clinic_logos_by_region/01_กรุงเทพและปริมณฑล/034_row38_Michiko Clinic,38,Michiko Clinic,กรุงเทพมหานคร,เขตจตุจักร,0909544246,logo.png
กรุงเทพและปริมณฑล,/Users/chamacbook/Desktop/KNA/dep/outputs/clinic_logos_by_region/01_กรุงเทพและปริมณฑล,/Users/chamacbook/Desktop/KNA/dep/outputs/clinic_logos_by_region/01_กรุงเทพและปริมณฑล/035_row39_The Safe Zone Clinic,39,The Safe Zone Clinic,กรุงเทพมหานคร,เขตจตุจักร,0846422616,logo.png
กรุงเทพและปริมณฑล,/Users/chamacbook/Desktop/KNA/dep/outputs/clinic_logos_by_region/01_กรุงเทพและปริมณฑล,/Users/chamacbook/Desktop/KNA/dep/outputs/clinic_logos_by_region/01_กรุงเทพและปริมณฑล/036_row40_คลินิกเวชกรรมเลอเเบ็งค็อค,40,คลินิกเวชกรรมเลอเเบ็งค็อค,กรุงเทพมหานคร,เขตจตุจักร,0828228822,logo.png
กรุงเทพและปริมณฑล,/Users/chamacbook/Desktop/KNA/dep/outputs/clinic_logos_by_region/01_กรุงเทพและปริมณฑล,/Users/chamacbook/Desktop/KNA/dep/outputs/clinic_logos_by_region/01_กรุงเทพและปริมณฑล/037_row41_จตุจักร เมดิคอล คลีนิก,41,จตุจักร เมดิคอล คลีนิก,กรุงเทพมหานคร,เขตจตุจักร,0904077988,logo.png
กรุงเทพและปริมณฑล,/Users/chamacbook/Desktop/KNA/dep/outputs/clinic_logos_by_region/01_กรุงเทพและปริมณฑล,/Users/chamacbook/Desktop/KNA/dep/outputs/clinic_logos_by_region/01_กรุงเทพและปริมณฑล/038_row42_ณัชชนก คลินิกเวชกรรม,42,ณัชชนก คลินิกเวชกรรม,กรุงเทพมหานคร,เขตจตุจักร,025136647,logo.png
กรุงเทพและปริมณฑล,/Users/chamacbook/Desktop/KNA/dep/outputs/clinic_logos_by_region/01_กรุงเทพและปริมณฑล,/Users/chamacbook/Desktop/KNA/dep/outputs/clinic_logos_by_region/01_กรุงเทพและปริมณฑล/039_row43_ณัชชนก คลีนิก,43,ณัชชนก คลีนิก,กรุงเทพมหานคร,เขตจตุจักร,0815553222,logo.png
กรุงเทพและปริมณฑล,/Users/chamacbook/Desktop/KNA/dep/outputs/clinic_logos_by_region/01_กรุงเทพและปริมณฑล,/Users/chamacbook/Desktop/KNA/dep/outputs/clinic_logos_by_region/01_กรุงเทพและปริมณฑล/040_row44_ดีมอร์ คลินิกเวชกรรม,44,ดีมอร์ คลินิกเวชกรรม,กรุงเทพมหานคร,เขตจตุจักร,0919125000,logo.png
กรุงเทพและปริมณฑล,/Users/chamacbook/Desktop/KNA/dep/outputs/clinic_logos_by_region/01_กรุงเทพและปริมณฑล,/Users/chamacbook/Desktop/KNA/dep/outputs/clinic_logos_by_region/01_กรุงเทพและปริมณฑล/041_row45_ดีมอร์ คลีนิก,45,ดีมอร์ คลีนิก,กรุงเทพมหานคร,เขตจตุจักร,0819917562,logo.png
กรุงเทพและปริมณฑล,/Users/chamacbook/Desktop/KNA/dep/outputs/clinic_logos_by_region/01_กรุงเทพและปริมณฑล,/Users/chamacbook/Desktop/KNA/dep/outputs/clinic_logos_by_region/01_กรุงเทพและปริมณฑล/042_row46_ดีว่าดี คลินิคเวชกรรม,46,ดีว่าดี คลินิคเวชกรรม,กรุงเทพมหานคร,เขตจตุจักร,0628232456,logo.png
กรุงเทพและปริมณฑล,/Users/chamacbook/Desktop/KNA/dep/outputs/clinic_logos_by_region/01_กรุงเทพและปริมณฑล,/Users/chamacbook/Desktop/KNA/dep/outputs/clinic_logos_by_region/01_กรุงเทพและปริมณฑล/043_row47_บริษัท เดอะ ไทม์แมชีน คลินิก จํากัด,47,บริษัท เดอะ ไทม์แมชีน คลินิก จำกัด,กรุงเทพมหานคร,เขตจตุจักร,0639269235,logo.png
กรุงเทพและปริมณฑล,/Users/chamacbook/Desktop/KNA/dep/outputs/clinic_logos_by_region/01_กรุงเทพและปริมณฑล,/Users/chamacbook/Desktop/KNA/dep/outputs/clinic_logos_by_region/01_กรุงเทพและปริมณฑล/044_row48_พญ.จิตราภรณ์ จันทร์อู่,48,พญ.จิตราภรณ์ จันทร์อู่,กรุงเทพมหานคร,เขตจตุจักร,0840895811,logo.png
กรุงเทพและปริมณฑล,/Users/chamacbook/Desktop/KNA/dep/outputs/clinic_logos_by_region/01_กรุงเทพและปริมณฑล,/Users/chamacbook/Desktop/KNA/dep/outputs/clinic_logos_by_region/01_กรุงเทพและปริมณฑล/045_row49_มิชิโกะ คลินิก,49,มิชิโกะ คลินิก,กรุงเทพมหานคร,เขตจตุจักร,0805607888,logo.png
กรุงเทพและปริมณฑล,/Users/chamacbook/Desktop/KNA/dep/outputs/clinic_logos_by_region/01_กรุงเทพและปริมณฑล,/Users/chamacbook/Desktop/KNA/dep/outputs/clinic_logos_by_region/01_กรุงเทพและปริมณฑล/046_row50_เมโกะ คลีนิก,50,เมโกะ คลีนิก,กรุงเทพมหานคร,เขตจตุจักร,0809953880,logo.png
กรุงเทพและปริมณฑล,/Users/chamacbook/Desktop/KNA/dep/outputs/clinic_logos_by_region/01_กรุงเทพและปริมณฑล,/Users/chamacbook/Desktop/KNA/dep/outputs/clinic_logos_by_region/01_กรุงเทพและปริมณฑล/047_row51_เอมาร่าคลินิกเวชกรรม,51,เอมาร่าคลินิกเวชกรรม,กรุงเทพมหานคร,เขตจตุจักร,0804656266,logo.png
กรุงเทพและปริมณฑล,/Users/chamacbook/Desktop/KNA/dep/outputs/clinic_logos_by_region/01_กรุงเทพและปริมณฑล,/Users/chamacbook/Desktop/KNA/dep/outputs/clinic_logos_by_region/01_กรุงเทพและปริมณฑล/048_row52_แพทริเซียคลินิกเวชกรรม,52,แพทริเซียคลินิกเวชกรรม,กรุงเทพมหานคร,เขตจตุจักร,0876800658,logo.png
กรุงเทพและปริมณฑล,/Users/chamacbook/Desktop/KNA/dep/outputs/clinic_logos_by_region/01_กรุงเทพและปริมณฑล,/Users/chamacbook/Desktop/KNA/dep/outputs/clinic_logos_by_region/01_กรุงเทพและปริมณฑล/049_row53_Sevenday Clinic,53,Sevenday Clinic,กรุงเทพมหานคร,เขตจอมทอง,0851279227,logo.png
กรุงเทพและปริมณฑล,/Users/chamacbook/Desktop/KNA/dep/outputs/clinic_logos_by_region/01_กรุงเทพและปริมณฑล,/Users/chamacbook/Desktop/KNA/dep/outputs/clinic_logos_by_region/01_กรุงเทพและปริมณฑล/050_row54_แพทย์ภูมิใจคลินิกเวชกรรม,54,แพทย์ภูมิใจคลินิกเวชกรรม,กรุงเทพมหานคร,เขตจอมทอง,0959632951,logo.png
กรุงเทพและปริมณฑล,/Users/chamacbook/Desktop/KNA/dep/outputs/clinic_logos_by_region/01_กรุงเทพและปริมณฑล,/Users/chamacbook/Desktop/KNA/dep/outputs/clinic_logos_by_region/01_กรุงเทพและปริมณฑล/051_row55_KKC Clinic,55,KKC Clinic,กรุงเทพมหานคร,เขตดินแดง,0813633346,logo.png
กรุงเทพและปริมณฑล,/Users/chamacbook/Desktop/KNA/dep/outputs/clinic_logos_by_region/01_กรุงเทพและปริมณฑล,/Users/chamacbook/Desktop/KNA/dep/outputs/clinic_logos_by_region/01_กรุงเทพและปริมณฑล/052_row56_KKC Clinic,56,KKC Clinic,กรุงเทพมหานคร,เขตดินแดง,020036199,logo.png
กรุงเทพและปริมณฑล,/Users/chamacbook/Desktop/KNA/dep/outputs/clinic_logos_by_region/01_กรุงเทพและปริมณฑล,/Users/chamacbook/Desktop/KNA/dep/outputs/clinic_logos_by_region/01_กรุงเทพและปริมณฑล/053_row57_Rosabelle clinic,57,Rosabelle clinic,กรุงเทพมหานคร,เขตดินแดง,0822654961,logo.png
กรุงเทพและปริมณฑล,/Users/chamacbook/Desktop/KNA/dep/outputs/clinic_logos_by_region/01_กรุงเทพและปริมณฑล,/Users/chamacbook/Desktop/KNA/dep/outputs/clinic_logos_by_region/01_กรุงเทพและปริมณฑล/054_row58_THE VANISH CLINIC,58,THE VANISH CLINIC,กรุงเทพมหานคร,เขตดินแดง,0804265964,logo.png
กรุงเทพและปริมณฑล,/Users/chamacbook/Desktop/KNA/dep/outputs/clinic_logos_by_region/01_กรุงเทพและปริมณฑล,/Users/chamacbook/Desktop/KNA/dep/outputs/clinic_logos_by_region/01_กรุงเทพและปริมณฑล/055_row59_ดีโอ คลีนิกเวชกรรม,59,ดีโอ คลีนิกเวชกรรม,กรุงเทพมหานคร,เขตดินแดง,020509748,logo.png
กรุงเทพและปริมณฑล,/Users/chamacbook/Desktop/KNA/dep/outputs/clinic_logos_by_region/01_กรุงเทพและปริมณฑล,/Users/chamacbook/Desktop/KNA/dep/outputs/clinic_logos_by_region/01_กรุงเทพและปริมณฑล/056_row60_วายเคเจเมดิคอล คลินิกเวชกรรม,60,วายเคเจเมดิคอล คลินิกเวชกรรม,กรุงเทพมหานคร,เขตดินแดง,0942893236,logo.png
กรุงเทพและปริมณฑล,/Users/chamacbook/Desktop/KNA/dep/outputs/clinic_logos_by_region/01_กรุงเทพและปริมณฑล,/Users/chamacbook/Desktop/KNA/dep/outputs/clinic_logos_by_region/01_กรุงเทพและปริมณฑล/057_row61_บริษัท มาสเตอร์ สไตร์ จํากัด(มหาชน),61,บริษัท มาสเตอร์ สไตร์ จำกัด(มหาชน),กรุงเทพมหานคร,เขตดุสิต,0624151696,logo.png
กรุงเทพและปริมณฑล,/Users/chamacbook/Desktop/KNA/dep/outputs/clinic_logos_by_region/01_กรุงเทพและปริมณฑล,/Users/chamacbook/Desktop/KNA/dep/outputs/clinic_logos_by_region/01_กรุงเทพและปริมณฑล/058_row62_ณภัชชา คลินิกเวชกรรม,62,ณภัชชา คลินิกเวชกรรม,กรุงเทพมหานคร,เขตทวีวัฒนา,0992900086,logo.png
กรุงเทพและปริมณฑล,/Users/chamacbook/Desktop/KNA/dep/outputs/clinic_logos_by_region/01_กรุงเทพและปริมณฑล,/Users/chamacbook/Desktop/KNA/dep/outputs/clinic_logos_by_region/01_กรุงเทพและปริมณฑล/059_row63_บจก.ด็อกเตอร์เซน คลินิก อินเตอร์เนชั่นแนล,63,บจก.ด็อกเตอร์เซน คลินิก อินเตอร์เนชั่นแนล,กรุงเทพมหานคร,เขตธนบุรี,0903262424,logo.png
กรุงเทพและปริมณฑล,/Users/chamacbook/Desktop/KNA/dep/outputs/clinic_logos_by_region/01_กรุงเทพและปริมณฑล,/Users/chamacbook/Desktop/KNA/dep/outputs/clinic_logos_by_region/01_กรุงเทพและปริมณฑล/060_row64_อินสไปร์คลินิก,64,อินสไปร์คลินิก,กรุงเทพมหานคร,เขตธนบุรี,02-4777183,logo.png
กรุงเทพและปริมณฑล,/Users/chamacbook/Desktop/KNA/dep/outputs/clinic_logos_by_region/01_กรุงเทพและปริมณฑล,/Users/chamacbook/Desktop/KNA/dep/outputs/clinic_logos_by_region/01_กรุงเทพและปริมณฑล/061_row65_LAROCHE SKIN CLINIC,65,LAROCHE SKIN CLINIC,กรุงเทพมหานคร,เขตบางกอกน้อย,0926939111,logo.png
กรุงเทพและปริมณฑล,/Users/chamacbook/Desktop/KNA/dep/outputs/clinic_logos_by_region/01_กรุงเทพและปริมณฑล,/Users/chamacbook/Desktop/KNA/dep/outputs/clinic_logos_by_region/01_กรุงเทพและปริมณฑล/062_row66_Nathee Clinic,66,Nathee Clinic,กรุงเทพมหานคร,เขตบางกอกน้อย,0615388893,logo.png
กรุงเทพและปริมณฑล,/Users/chamacbook/Desktop/KNA/dep/outputs/clinic_logos_by_region/01_กรุงเทพและปริมณฑล,/Users/chamacbook/Desktop/KNA/dep/outputs/clinic_logos_by_region/01_กรุงเทพและปริมณฑล/063_row67_ลาโรชคลินิกเวชกรรม,67,ลาโรชคลินิกเวชกรรม,กรุงเทพมหานคร,เขตบางกอกน้อย,0916939111,logo.png
กรุงเทพและปริมณฑล,/Users/chamacbook/Desktop/KNA/dep/outputs/clinic_logos_by_region/01_กรุงเทพและปริมณฑล,/Users/chamacbook/Desktop/KNA/dep/outputs/clinic_logos_by_region/01_กรุงเทพและปริมณฑล/064_row68_BELL POP CLINIC,68,BELL POP CLINIC,กรุงเทพมหานคร,เขตบางกะปิ,0658088877,logo.png
กรุงเทพและปริมณฑล,/Users/chamacbook/Desktop/KNA/dep/outputs/clinic_logos_by_region/01_กรุงเทพและปริมณฑล,/Users/chamacbook/Desktop/KNA/dep/outputs/clinic_logos_by_region/01_กรุงเทพและปริมณฑล/065_row69_Kay Hay Clinic,69,Kay Hay Clinic,กรุงเทพมหานคร,เขตบางกะปิ,0658088877,logo.png
กรุงเทพและปริมณฑล,/Users/chamacbook/Desktop/KNA/dep/outputs/clinic_logos_by_region/01_กรุงเทพและปริมณฑล,/Users/chamacbook/Desktop/KNA/dep/outputs/clinic_logos_by_region/01_กรุงเทพและปริมณฑล/066_row70_NITIPON CLINIC,70,NITIPON CLINIC,กรุงเทพมหานคร,เขตบางกะปิ,0863955386,logo.png
กรุงเทพและปริมณฑล,/Users/chamacbook/Desktop/KNA/dep/outputs/clinic_logos_by_region/01_กรุงเทพและปริมณฑล,/Users/chamacbook/Desktop/KNA/dep/outputs/clinic_logos_by_region/01_กรุงเทพและปริมณฑล/067_row71_ทอฝันคลินิก,71,ทอฝันคลินิก,กรุงเทพมหานคร,เขตบางกะปิ,0973922619,logo.png
กรุงเทพและปริมณฑล,/Users/chamacbook/Desktop/KNA/dep/outputs/clinic_logos_by_region/01_กรุงเทพและปริมณฑล,/Users/chamacbook/Desktop/KNA/dep/outputs/clinic_logos_by_region/01_กรุงเทพและปริมณฑล/068_row72_เพอร์ฟูมคลินิกเวชกรรม,72,เพอร์ฟูมคลินิกเวชกรรม,กรุงเทพมหานคร,เขตบางกะปิ,0838796935,logo.png
กรุงเทพและปริมณฑล,/Users/chamacbook/Desktop/KNA/dep/outputs/clinic_logos_by_region/01_กรุงเทพและปริมณฑล,/Users/chamacbook/Desktop/KNA/dep/outputs/clinic_logos_by_region/01_กรุงเทพและปริมณฑล/069_row73_วีเอสคลินิกเวชกรรม,73,วีเอสคลินิกเวชกรรม,กรุงเทพมหานคร,เขตบางขุนเทียน,0897456246,logo.png
กรุงเทพและปริมณฑล,/Users/chamacbook/Desktop/KNA/dep/outputs/clinic_logos_by_region/01_กรุงเทพและปริมณฑล,/Users/chamacbook/Desktop/KNA/dep/outputs/clinic_logos_by_region/01_กรุงเทพและปริมณฑล/070_row74_หมอยุ้ย ปรียานุช,74,หมอยุ้ย ปรียานุช,กรุงเทพมหานคร,เขตบางขุนเทียน,0846422616,logo.png
กรุงเทพและปริมณฑล,/Users/chamacbook/Desktop/KNA/dep/outputs/clinic_logos_by_region/01_กรุงเทพและปริมณฑล,/Users/chamacbook/Desktop/KNA/dep/outputs/clinic_logos_by_region/01_กรุงเทพและปริมณฑล/071_row75_All New clinic,75,All New clinic,กรุงเทพมหานคร,เขตบางนา,0980098992,logo.png
กรุงเทพและปริมณฑล,/Users/chamacbook/Desktop/KNA/dep/outputs/clinic_logos_by_region/01_กรุงเทพและปริมณฑล,/Users/chamacbook/Desktop/KNA/dep/outputs/clinic_logos_by_region/01_กรุงเทพและปริมณฑล/072_row76_BBC BAAN BANGNA CLINIC,76,BBC BAAN BANGNA CLINIC,กรุงเทพมหานคร,เขตบางนา,0875434441,logo.png
กรุงเทพและปริมณฑล,/Users/chamacbook/Desktop/KNA/dep/outputs/clinic_logos_by_region/01_กรุงเทพและปริมณฑล,/Users/chamacbook/Desktop/KNA/dep/outputs/clinic_logos_by_region/01_กรุงเทพและปริมณฑล/073_row77_Century Clinic,77,Century Clinic,กรุงเทพมหานคร,เขตบางนา,0809595946,logo.png
กรุงเทพและปริมณฑล,/Users/chamacbook/Desktop/KNA/dep/outputs/clinic_logos_by_region/01_กรุงเทพและปริมณฑล,/Users/chamacbook/Desktop/KNA/dep/outputs/clinic_logos_by_region/01_กรุงเทพและปริมณฑล/074_row78_Naravee clinic,78,Naravee clinic,กรุงเทพมหานคร,เขตบางนา,023988565,logo.png
กรุงเทพและปริมณฑล,/Users/chamacbook/Desktop/KNA/dep/outputs/clinic_logos_by_region/01_กรุงเทพและปริมณฑล,/Users/chamacbook/Desktop/KNA/dep/outputs/clinic_logos_by_region/01_กรุงเทพและปริมณฑล/075_row79_ดีว่าดี คลินิก (ดีว่าดีแล็บ),79,ดีว่าดี คลินิก (ดีว่าดีแล็บ),กรุงเทพมหานคร,เขตบางนา,0832365626,logo.png
กรุงเทพและปริมณฑล,/Users/chamacbook/Desktop/KNA/dep/outputs/clinic_logos_by_region/01_กรุงเทพและปริมณฑล,/Users/chamacbook/Desktop/KNA/dep/outputs/clinic_logos_by_region/01_กรุงเทพและปริมณฑล/076_row80_เบลลินา คลินิก,80,เบลลินา คลินิก,กรุงเทพมหานคร,เขตบางนา,0982491665,logo.png
กรุงเทพและปริมณฑล,/Users/chamacbook/Desktop/KNA/dep/outputs/clinic_logos_by_region/01_กรุงเทพและปริมณฑล,/Users/chamacbook/Desktop/KNA/dep/outputs/clinic_logos_by_region/01_กรุงเทพและปริมณฑล/077_row81_Doctor Nan Clinic,81,Doctor Nan Clinic,กรุงเทพมหานคร,เขตบางบอน,0634495689,logo.png
กรุงเทพและปริมณฑล,/Users/chamacbook/Desktop/KNA/dep/outputs/clinic_logos_by_region/01_กรุงเทพและปริมณฑล,/Users/chamacbook/Desktop/KNA/dep/outputs/clinic_logos_by_region/01_กรุงเทพและปริมณฑล/078_row82_Atita clinic,82,Atita clinic,กรุงเทพมหานคร,เขตบางพลัด,0633644666,logo.png
กรุงเทพและปริมณฑล,/Users/chamacbook/Desktop/KNA/dep/outputs/clinic_logos_by_region/01_กรุงเทพและปริมณฑล,/Users/chamacbook/Desktop/KNA/dep/outputs/clinic_logos_by_region/01_กรุงเทพและปริมณฑล/079_row83_ฟ้ามีรักษ์คลินิกเวชกรรม,83,ฟ้ามีรักษ์คลินิกเวชกรรม,กรุงเทพมหานคร,เขตบางพลัด,0819137882,logo.png
กรุงเทพและปริมณฑล,/Users/chamacbook/Desktop/KNA/dep/outputs/clinic_logos_by_region/01_กรุงเทพและปริมณฑล,/Users/chamacbook/Desktop/KNA/dep/outputs/clinic_logos_by_region/01_กรุงเทพและปริมณฑล/080_row84_Evershine Clinic,84,Evershine Clinic,กรุงเทพมหานคร,เขตบางรัก,0969120086,logo.png
กรุงเทพและปริมณฑล,/Users/chamacbook/Desktop/KNA/dep/outputs/clinic_logos_by_region/01_กรุงเทพและปริมณฑล,/Users/chamacbook/Desktop/KNA/dep/outputs/clinic_logos_by_region/01_กรุงเทพและปริมณฑล/081_row85_สมาร์ทกายคลินิกเวชกรรม,85,สมาร์ทกายคลินิกเวชกรรม,กรุงเทพมหานคร,เขตบางรัก,0824684443,logo.png
กรุงเทพและปริมณฑล,/Users/chamacbook/Desktop/KNA/dep/outputs/clinic_logos_by_region/01_กรุงเทพและปริมณฑล,/Users/chamacbook/Desktop/KNA/dep/outputs/clinic_logos_by_region/01_กรุงเทพและปริมณฑล/082_row86_Apps Away Clinic,86,Apps Away Clinic,กรุงเทพมหานคร,เขตบึงกุ่ม,0952363289,logo.png
กรุงเทพและปริมณฑล,/Users/chamacbook/Desktop/KNA/dep/outputs/clinic_logos_by_region/01_กรุงเทพและปริมณฑล,/Users/chamacbook/Desktop/KNA/dep/outputs/clinic_logos_by_region/01_กรุงเทพและปริมณฑล/083_row87_Kharis clinic,87,Kharis clinic,กรุงเทพมหานคร,เขตบึงกุ่ม,0909797305,logo.png
กรุงเทพและปริมณฑล,/Users/chamacbook/Desktop/KNA/dep/outputs/clinic_logos_by_region/01_กรุงเทพและปริมณฑล,/Users/chamacbook/Desktop/KNA/dep/outputs/clinic_logos_by_region/01_กรุงเทพและปริมณฑล/084_row88_Life Clinic,88,Life Clinic,กรุงเทพมหานคร,เขตบึงกุ่ม,0815263098,logo.png
กรุงเทพและปริมณฑล,/Users/chamacbook/Desktop/KNA/dep/outputs/clinic_logos_by_region/01_กรุงเทพและปริมณฑล,/Users/chamacbook/Desktop/KNA/dep/outputs/clinic_logos_by_region/01_กรุงเทพและปริมณฑล/085_row89_นพ.ณภัทรสรณ์ อาชาบุณยเสก,89,นพ.ณภัทรสรณ์ อาชาบุณยเสก,กรุงเทพมหานคร,เขตบึงกุ่ม,0824551624,logo.png
กรุงเทพและปริมณฑล,/Users/chamacbook/Desktop/KNA/dep/outputs/clinic_logos_by_region/01_กรุงเทพและปริมณฑล,/Users/chamacbook/Desktop/KNA/dep/outputs/clinic_logos_by_region/01_กรุงเทพและปริมณฑล/086_row90_24 aesthe clinic,90,24 aesthe clinic,กรุงเทพมหานคร,เขตปทุมวัน,0981522244,logo.png
กรุงเทพและปริมณฑล,/Users/chamacbook/Desktop/KNA/dep/outputs/clinic_logos_by_region/01_กรุงเทพและปริมณฑล,/Users/chamacbook/Desktop/KNA/dep/outputs/clinic_logos_by_region/01_กรุงเทพและปริมณฑล/087_row91_Amida Clinic,91,Amida Clinic,กรุงเทพมหานคร,เขตปทุมวัน,0981916924,logo.png
กรุงเทพและปริมณฑล,/Users/chamacbook/Desktop/KNA/dep/outputs/clinic_logos_by_region/01_กรุงเทพและปริมณฑล,/Users/chamacbook/Desktop/KNA/dep/outputs/clinic_logos_by_region/01_กรุงเทพและปริมณฑล/088_row92_RWC Clinic,92,RWC Clinic,กรุงเทพมหานคร,เขตปทุมวัน,0806655666,logo.png
กรุงเทพและปริมณฑล,/Users/chamacbook/Desktop/KNA/dep/outputs/clinic_logos_by_region/01_กรุงเทพและปริมณฑล,/Users/chamacbook/Desktop/KNA/dep/outputs/clinic_logos_by_region/01_กรุงเทพและปริมณฑล/089_row93_Reva clinic,93,Reva clinic,กรุงเทพมหานคร,เขตปทุมวัน,0815936669,logo.png
กรุงเทพและปริมณฑล,/Users/chamacbook/Desktop/KNA/dep/outputs/clinic_logos_by_region/01_กรุงเทพและปริมณฑล,/Users/chamacbook/Desktop/KNA/dep/outputs/clinic_logos_by_region/01_กรุงเทพและปริมณฑล/090_row94_iSKY Clinic,94,iSKY Clinic,กรุงเทพมหานคร,เขตปทุมวัน,0925156633,logo.png
กรุงเทพและปริมณฑล,/Users/chamacbook/Desktop/KNA/dep/outputs/clinic_logos_by_region/01_กรุงเทพและปริมณฑล,/Users/chamacbook/Desktop/KNA/dep/outputs/clinic_logos_by_region/01_กรุงเทพและปริมณฑล/091_row95_บริษัท เดอะ อินฟินิตี้ วี เมด โซลูชั่น จํากัด,95,บริษัท เดอะ อินฟินิตี้ วี เมด โซลูชั่น จำกัด,กรุงเทพมหานคร,เขตปทุมวัน,0809544641,logo.png
กรุงเทพและปริมณฑล,/Users/chamacbook/Desktop/KNA/dep/outputs/clinic_logos_by_region/01_กรุงเทพและปริมณฑล,/Users/chamacbook/Desktop/KNA/dep/outputs/clinic_logos_by_region/01_กรุงเทพและปริมณฑล/092_row96_บริษัท แอมมิดา เมดิคอล จํากัด (สํานักงานใหญ่),96,บริษัท แอมมิดา เมดิคอล จำกัด (สำนักงานใหญ่),กรุงเทพมหานคร,เขตปทุมวัน,0.098191692,logo.png
กรุงเทพและปริมณฑล,/Users/chamacbook/Desktop/KNA/dep/outputs/clinic_logos_by_region/01_กรุงเทพและปริมณฑล,/Users/chamacbook/Desktop/KNA/dep/outputs/clinic_logos_by_region/01_กรุงเทพและปริมณฑล/093_row97_บริษัท ลูมิน่า เมดิคอล จํากัด,97,บริษัท ลูมิน่า เมดิคอล จำกัด,กรุงเทพมหานคร,เขตปทุมวัน,0973788888,logo.png
กรุงเทพและปริมณฑล,/Users/chamacbook/Desktop/KNA/dep/outputs/clinic_logos_by_region/01_กรุงเทพและปริมณฑล,/Users/chamacbook/Desktop/KNA/dep/outputs/clinic_logos_by_region/01_กรุงเทพและปริมณฑล/094_row98_เจนิทีค คลีนิกเวชกรรม,98,เจนิทีค คลีนิกเวชกรรม,กรุงเทพมหานคร,เขตปทุมวัน,0629244966,logo.png
กรุงเทพและปริมณฑล,/Users/chamacbook/Desktop/KNA/dep/outputs/clinic_logos_by_region/01_กรุงเทพและปริมณฑล,/Users/chamacbook/Desktop/KNA/dep/outputs/clinic_logos_by_region/01_กรุงเทพและปริมณฑล/095_row99_DVA Clinic,99,DVA Clinic,กรุงเทพมหานคร,เขตประเวศ,0952494160,logo.png
กรุงเทพและปริมณฑล,/Users/chamacbook/Desktop/KNA/dep/outputs/clinic_logos_by_region/01_กรุงเทพและปริมณฑล,/Users/chamacbook/Desktop/KNA/dep/outputs/clinic_logos_by_region/01_กรุงเทพและปริมณฑล/096_row100_De Luna clinic,100,De Luna clinic,กรุงเทพมหานคร,เขตประเวศ,0959458932,logo.png
กรุงเทพและปริมณฑล,/Users/chamacbook/Desktop/KNA/dep/outputs/clinic_logos_by_region/01_กรุงเทพและปริมณฑล,/Users/chamacbook/Desktop/KNA/dep/outputs/clinic_logos_by_region/01_กรุงเทพและปริมณฑล/097_row101_De Vich Clinic by หมออ๊อฟ,101,De Vich Clinic by หมออ๊อฟ,กรุงเทพมหานคร,เขตประเวศ,0802699899,logo.png
กรุงเทพและปริมณฑล,/Users/chamacbook/Desktop/KNA/dep/outputs/clinic_logos_by_region/01_กรุงเทพและปริมณฑล,/Users/chamacbook/Desktop/KNA/dep/outputs/clinic_logos_by_region/01_กรุงเทพและปริมณฑล/098_row102_Dr.Nutt Clinic,102,Dr.Nutt Clinic,กรุงเทพมหานคร,เขตประเวศ,0955545165,logo.png
กรุงเทพและปริมณฑล,/Users/chamacbook/Desktop/KNA/dep/outputs/clinic_logos_by_region/01_กรุงเทพและปริมณฑล,/Users/chamacbook/Desktop/KNA/dep/outputs/clinic_logos_by_region/01_กรุงเทพและปริมณฑล/099_row103_Ha Hay Clinic,103,Ha Hay Clinic,กรุงเทพมหานคร,เขตประเวศ,0654796532,logo.png
กรุงเทพและปริมณฑล,/Users/chamacbook/Desktop/KNA/dep/outputs/clinic_logos_by_region/01_กรุงเทพและปริมณฑล,/Users/chamacbook/Desktop/KNA/dep/outputs/clinic_logos_by_region/01_กรุงเทพและปริมณฑล/100_row104_Kay Hay Clinic,104,Kay Hay Clinic,กรุงเทพมหานคร,เขตประเวศ,0654796532,logo.png
กรุงเทพและปริมณฑล,/Users/chamacbook/Desktop/KNA/dep/outputs/clinic_logos_by_region/01_กรุงเทพและปริมณฑล,/Users/chamacbook/Desktop/KNA/dep/outputs/clinic_logos_by_region/01_กรุงเทพและปริมณฑล/101_row105_Sirin clinic,105,Sirin clinic,กรุงเทพมหานคร,เขตประเวศ,0836666948,logo.png
กรุงเทพและปริมณฑล,/Users/chamacbook/Desktop/KNA/dep/outputs/clinic_logos_by_region/01_กรุงเทพและปริมณฑล,/Users/chamacbook/Desktop/KNA/dep/outputs/clinic_logos_by_region/01_กรุงเทพและปริมณฑล/102_row106_WOW CLINIC,106,WOW CLINIC,กรุงเทพมหานคร,เขตประเวศ,02-004-871,logo.png
กรุงเทพและปริมณฑล,/Users/chamacbook/Desktop/KNA/dep/outputs/clinic_logos_by_region/01_กรุงเทพและปริมณฑล,/Users/chamacbook/Desktop/KNA/dep/outputs/clinic_logos_by_region/01_กรุงเทพและปริมณฑล/103_row107_วาวคลินิกเวชกรรม,107,วาวคลินิกเวชกรรม,กรุงเทพมหานคร,เขตประเวศ,020048712,logo.png
กรุงเทพและปริมณฑล,/Users/chamacbook/Desktop/KNA/dep/outputs/clinic_logos_by_region/01_กรุงเทพและปริมณฑล,/Users/chamacbook/Desktop/KNA/dep/outputs/clinic_logos_by_region/01_กรุงเทพและปริมณฑล/104_row108_เดอะเวนิเซีย คลินิคเวชกรรม,108,เดอะเวนิเซีย คลินิคเวชกรรม,กรุงเทพมหานคร,เขตประเวศ,0882654966,logo.png
กรุงเทพและปริมณฑล,/Users/chamacbook/Desktop/KNA/dep/outputs/clinic_logos_by_region/01_กรุงเทพและปริมณฑล,/Users/chamacbook/Desktop/KNA/dep/outputs/clinic_logos_by_region/01_กรุงเทพและปริมณฑล/105_row109_เอพิออสคลินิก,109,เอพิออสคลินิก,กรุงเทพมหานคร,เขตประเวศ,0650563635,logo.png
กรุงเทพและปริมณฑล,/Users/chamacbook/Desktop/KNA/dep/outputs/clinic_logos_by_region/01_กรุงเทพและปริมณฑล,/Users/chamacbook/Desktop/KNA/dep/outputs/clinic_logos_by_region/01_กรุงเทพและปริมณฑล/106_row110_วิไลลักษณ์คลินิก,110,วิไลลักษณ์คลินิก,กรุงเทพมหานคร,เขตพญาไท,0813033764,logo.png
กรุงเทพและปริมณฑล,/Users/chamacbook/Desktop/KNA/dep/outputs/clinic_logos_by_region/01_กรุงเทพและปริมณฑล,/Users/chamacbook/Desktop/KNA/dep/outputs/clinic_logos_by_region/01_กรุงเทพและปริมณฑล/107_row111_Airie Clinic,111,Airie Clinic,กรุงเทพมหานคร,เขตพญาไท,0635696965,logo.png
กรุงเทพและปริมณฑล,/Users/chamacbook/Desktop/KNA/dep/outputs/clinic_logos_by_region/01_กรุงเทพและปริมณฑล,"/Users/chamacbook/Desktop/KNA/dep/outputs/clinic_logos_by_region/01_กรุงเทพและปริมณฑล/108_row112_CHAWIN NIPPITAWASIN, MD",112,"CHAWIN NIPPITAWASIN, MD",กรุงเทพมหานคร,เขตพญาไท,0897181111,logo.png
กรุงเทพและปริมณฑล,/Users/chamacbook/Desktop/KNA/dep/outputs/clinic_logos_by_region/01_กรุงเทพและปริมณฑล,/Users/chamacbook/Desktop/KNA/dep/outputs/clinic_logos_by_region/01_กรุงเทพและปริมณฑล/109_row113_Dr ORAWAN CLINIC,113,Dr ORAWAN CLINIC,กรุงเทพมหานคร,เขตพญาไท,0616562395,logo.png
กรุงเทพและปริมณฑล,/Users/chamacbook/Desktop/KNA/dep/outputs/clinic_logos_by_region/01_กรุงเทพและปริมณฑล,/Users/chamacbook/Desktop/KNA/dep/outputs/clinic_logos_by_region/01_กรุงเทพและปริมณฑล/110_row114_S.E.C. Clinic เอสอีซี คลินิก,114,S.E.C. Clinic เอสอีซี คลินิก,กรุงเทพมหานคร,เขตพญาไท,0987157885,logo.png
กรุงเทพและปริมณฑล,/Users/chamacbook/Desktop/KNA/dep/outputs/clinic_logos_by_region/01_กรุงเทพและปริมณฑล,/Users/chamacbook/Desktop/KNA/dep/outputs/clinic_logos_by_region/01_กรุงเทพและปริมณฑล/111_row115_นวลคลินิก เวชกรรม,115,นวลคลินิก เวชกรรม,กรุงเทพมหานคร,เขตพญาไท,0897181111,logo.png
กรุงเทพและปริมณฑล,/Users/chamacbook/Desktop/KNA/dep/outputs/clinic_logos_by_region/01_กรุงเทพและปริมณฑล,/Users/chamacbook/Desktop/KNA/dep/outputs/clinic_logos_by_region/01_กรุงเทพและปริมณฑล/112_row116_เอส แอสตร้า คลินิก,116,เอส แอสตร้า คลินิก,กรุงเทพมหานคร,เขตพญาไท,0987962652,logo.png
กรุงเทพและปริมณฑล,/Users/chamacbook/Desktop/KNA/dep/outputs/clinic_logos_by_region/01_กรุงเทพและปริมณฑล,/Users/chamacbook/Desktop/KNA/dep/outputs/clinic_logos_by_region/01_กรุงเทพและปริมณฑล/113_row117_เอส แอสตร้า เอสเธทิค,117,เอส แอสตร้า เอสเธทิค,กรุงเทพมหานคร,เขตพญาไท,0614655944,logo.png
กรุงเทพและปริมณฑล,/Users/chamacbook/Desktop/KNA/dep/outputs/clinic_logos_by_region/01_กรุงเทพและปริมณฑล,/Users/chamacbook/Desktop/KNA/dep/outputs/clinic_logos_by_region/01_กรุงเทพและปริมณฑล/114_row118_Phenomed Clinic,118,Phenomed Clinic,กรุงเทพมหานคร,เขตพระนคร,0891651620,logo.png
กรุงเทพและปริมณฑล,/Users/chamacbook/Desktop/KNA/dep/outputs/clinic_logos_by_region/01_กรุงเทพและปริมณฑล,/Users/chamacbook/Desktop/KNA/dep/outputs/clinic_logos_by_region/01_กรุงเทพและปริมณฑล/115_row119_รุ่งนภา คลินิกเวชกรรม,119,รุ่งนภา คลินิกเวชกรรม,กรุงเทพมหานคร,เขตพระนคร,0619693516,logo.png
กรุงเทพและปริมณฑล,/Users/chamacbook/Desktop/KNA/dep/outputs/clinic_logos_by_region/01_กรุงเทพและปริมณฑล,/Users/chamacbook/Desktop/KNA/dep/outputs/clinic_logos_by_region/01_กรุงเทพและปริมณฑล/116_row120_Esthe Clinic,120,Esthe Clinic,กรุงเทพมหานคร,เขตพระโขนง,0954030273,logo.png
กรุงเทพและปริมณฑล,/Users/chamacbook/Desktop/KNA/dep/outputs/clinic_logos_by_region/01_กรุงเทพและปริมณฑล,/Users/chamacbook/Desktop/KNA/dep/outputs/clinic_logos_by_region/01_กรุงเทพและปริมณฑล/117_row121_PROV CLINIC,121,PROV CLINIC,กรุงเทพมหานคร,เขตพระโขนง,0826422656,logo.png
กรุงเทพและปริมณฑล,/Users/chamacbook/Desktop/KNA/dep/outputs/clinic_logos_by_region/01_กรุงเทพและปริมณฑล,/Users/chamacbook/Desktop/KNA/dep/outputs/clinic_logos_by_region/01_กรุงเทพและปริมณฑล/118_row122_SDR CLINIC,122,SDR CLINIC,กรุงเทพมหานคร,เขตพระโขนง,0637982969,logo.png
กรุงเทพและปริมณฑล,/Users/chamacbook/Desktop/KNA/dep/outputs/clinic_logos_by_region/01_กรุงเทพและปริมณฑล,/Users/chamacbook/Desktop/KNA/dep/outputs/clinic_logos_by_region/01_กรุงเทพและปริมณฑล/119_row123_นภัสรีย์ คลินิก,123,นภัสรีย์ คลินิก,กรุงเทพมหานคร,เขตพระโขนง,0884991789,logo.png
กรุงเทพและปริมณฑล,/Users/chamacbook/Desktop/KNA/dep/outputs/clinic_logos_by_region/01_กรุงเทพและปริมณฑล,/Users/chamacbook/Desktop/KNA/dep/outputs/clinic_logos_by_region/01_กรุงเทพและปริมณฑล/120_row124_นภัสรีย์คลินิกเวชกรรม,124,นภัสรีย์คลินิกเวชกรรม,กรุงเทพมหานคร,เขตพระโขนง,0832463656,logo.png
กรุงเทพและปริมณฑล,/Users/chamacbook/Desktop/KNA/dep/outputs/clinic_logos_by_region/01_กรุงเทพและปริมณฑล,/Users/chamacbook/Desktop/KNA/dep/outputs/clinic_logos_by_region/01_กรุงเทพและปริมณฑล/121_row125_อลิซเฮ้าส์คลินิกเวชกรรม,125,อลิซเฮ้าส์คลินิกเวชกรรม,กรุงเทพมหานคร,เขตภาษีเจริญ,0647464518,logo.png
กรุงเทพและปริมณฑล,/Users/chamacbook/Desktop/KNA/dep/outputs/clinic_logos_by_region/01_กรุงเทพและปริมณฑล,/Users/chamacbook/Desktop/KNA/dep/outputs/clinic_logos_by_region/01_กรุงเทพและปริมณฑล/122_row126_Praram 3 Clinic,126,Praram 3 Clinic,กรุงเทพมหานคร,เขตยานนาวา,0818142125,logo.png
กรุงเทพและปริมณฑล,/Users/chamacbook/Desktop/KNA/dep/outputs/clinic_logos_by_region/01_กรุงเทพและปริมณฑล,/Users/chamacbook/Desktop/KNA/dep/outputs/clinic_logos_by_region/01_กรุงเทพและปริมณฑล/123_row127_L.S.T clinic,127,L.S.T clinic,กรุงเทพมหานคร,เขตราชเทวี,0819889249,logo.png
กรุงเทพและปริมณฑล,/Users/chamacbook/Desktop/KNA/dep/outputs/clinic_logos_by_region/01_กรุงเทพและปริมณฑล,/Users/chamacbook/Desktop/KNA/dep/outputs/clinic_logos_by_region/01_กรุงเทพและปริมณฑล/124_row128_คราฟ คลินิกเวชกรรม,128,คราฟ คลินิกเวชกรรม,กรุงเทพมหานคร,เขตราชเทวี,0962938891,logo.png
กรุงเทพและปริมณฑล,/Users/chamacbook/Desktop/KNA/dep/outputs/clinic_logos_by_region/01_กรุงเทพและปริมณฑล,/Users/chamacbook/Desktop/KNA/dep/outputs/clinic_logos_by_region/01_กรุงเทพและปริมณฑล/125_row129_ศูนย์รักษาผิวหน้าและเวชศาสตร์ชะลอวัยแอลเอสที (L.S.T. Skin Care & Anti-aging Center),129,ศูนย์รักษาผิวหน้าและเวชศาสตร์ชะลอวัยแอลเอสที (L.S.T. Skin Care & Anti-aging Center),กรุงเทพมหานคร,เขตราชเทวี,0966369198,logo.png
กรุงเทพและปริมณฑล,/Users/chamacbook/Desktop/KNA/dep/outputs/clinic_logos_by_region/01_กรุงเทพและปริมณฑล,/Users/chamacbook/Desktop/KNA/dep/outputs/clinic_logos_by_region/01_กรุงเทพและปริมณฑล/126_row130_ลาพิส เมดิคอล คลินิก,130,ลาพิส เมดิคอล คลินิก,กรุงเทพมหานคร,เขตราษฎร์บูรณะ,0924325498,logo.png
กรุงเทพและปริมณฑล,/Users/chamacbook/Desktop/KNA/dep/outputs/clinic_logos_by_region/01_กรุงเทพและปริมณฑล,/Users/chamacbook/Desktop/KNA/dep/outputs/clinic_logos_by_region/01_กรุงเทพและปริมณฑล/127_row131_DR. WEE CLINIC,131,DR. WEE CLINIC,กรุงเทพมหานคร,เขตลาดกระบัง,0851778338,logo.png
กรุงเทพและปริมณฑล,/Users/chamacbook/Desktop/KNA/dep/outputs/clinic_logos_by_region/01_กรุงเทพและปริมณฑล,/Users/chamacbook/Desktop/KNA/dep/outputs/clinic_logos_by_region/01_กรุงเทพและปริมณฑล/128_row132_Dr.Wee Clinic,132,Dr.Wee Clinic,กรุงเทพมหานคร,เขตลาดกระบัง,0851778338,logo.png
กรุงเทพและปริมณฑล,/Users/chamacbook/Desktop/KNA/dep/outputs/clinic_logos_by_region/01_กรุงเทพและปริมณฑล,/Users/chamacbook/Desktop/KNA/dep/outputs/clinic_logos_by_region/01_กรุงเทพและปริมณฑล/129_row133_THE PASSION MEDICAL SKIN,133,THE PASSION MEDICAL SKIN,กรุงเทพมหานคร,เขตลาดกระบัง,0951236555,logo.png
กรุงเทพและปริมณฑล,/Users/chamacbook/Desktop/KNA/dep/outputs/clinic_logos_by_region/01_กรุงเทพและปริมณฑล,/Users/chamacbook/Desktop/KNA/dep/outputs/clinic_logos_by_region/01_กรุงเทพและปริมณฑล/130_row134_ด็อกเตอร์วีคลินิก,134,ด็อกเตอร์วีคลินิก,กรุงเทพมหานคร,เขตลาดกระบัง,0851778338,logo.png
กรุงเทพและปริมณฑล,/Users/chamacbook/Desktop/KNA/dep/outputs/clinic_logos_by_region/01_กรุงเทพและปริมณฑล,/Users/chamacbook/Desktop/KNA/dep/outputs/clinic_logos_by_region/01_กรุงเทพและปริมณฑล/131_row135_MDI Clinic,135,MDI Clinic,กรุงเทพมหานคร,เขตลาดพร้าว,0962254445,logo.png
กรุงเทพและปริมณฑล,/Users/chamacbook/Desktop/KNA/dep/outputs/clinic_logos_by_region/01_กรุงเทพและปริมณฑล,/Users/chamacbook/Desktop/KNA/dep/outputs/clinic_logos_by_region/01_กรุงเทพและปริมณฑล/132_row136_S-Mart AWC,136,S-Mart AWC,กรุงเทพมหานคร,เขตลาดพร้าว,0863244842,logo.png
กรุงเทพและปริมณฑล,/Users/chamacbook/Desktop/KNA/dep/outputs/clinic_logos_by_region/01_กรุงเทพและปริมณฑล,/Users/chamacbook/Desktop/KNA/dep/outputs/clinic_logos_by_region/01_กรุงเทพและปริมณฑล/133_row137_Suphanun aesthetic,137,Suphanun aesthetic,กรุงเทพมหานคร,เขตลาดพร้าว,0953851785,logo.png
กรุงเทพและปริมณฑล,/Users/chamacbook/Desktop/KNA/dep/outputs/clinic_logos_by_region/01_กรุงเทพและปริมณฑล,/Users/chamacbook/Desktop/KNA/dep/outputs/clinic_logos_by_region/01_กรุงเทพและปริมณฑล/134_row138_VIE Clinic,138,VIE Clinic,กรุงเทพมหานคร,เขตลาดพร้าว,0984422462,logo.png
กรุงเทพและปริมณฑล,/Users/chamacbook/Desktop/KNA/dep/outputs/clinic_logos_by_region/01_กรุงเทพและปริมณฑล,/Users/chamacbook/Desktop/KNA/dep/outputs/clinic_logos_by_region/01_กรุงเทพและปริมณฑล/135_row139_ด็อกเตอร์โทนี่คลินิคเวชกรรม,139,ด็อกเตอร์โทนี่คลินิคเวชกรรม,กรุงเทพมหานคร,เขตลาดพร้าว,0618952898,logo.png
กรุงเทพและปริมณฑล,/Users/chamacbook/Desktop/KNA/dep/outputs/clinic_logos_by_region/01_กรุงเทพและปริมณฑล,/Users/chamacbook/Desktop/KNA/dep/outputs/clinic_logos_by_region/01_กรุงเทพและปริมณฑล/136_row140_ยูดีไซร์อีสต์วิลคลินิกเวชกรรม,140,ยูดีไซร์อีสต์วิลคลินิกเวชกรรม,กรุงเทพมหานคร,เขตลาดพร้าว,0611962391,logo.png
กรุงเทพและปริมณฑล,/Users/chamacbook/Desktop/KNA/dep/outputs/clinic_logos_by_region/01_กรุงเทพและปริมณฑล,/Users/chamacbook/Desktop/KNA/dep/outputs/clinic_logos_by_region/01_กรุงเทพและปริมณฑล/137_row141_รักษ์คุณ คลีนิกเวชกรรม,141,รักษ์คุณ คลีนิกเวชกรรม,กรุงเทพมหานคร,เขตลาดพร้าว,029346185,logo.png
กรุงเทพและปริมณฑล,/Users/chamacbook/Desktop/KNA/dep/outputs/clinic_logos_by_region/01_กรุงเทพและปริมณฑล,/Users/chamacbook/Desktop/KNA/dep/outputs/clinic_logos_by_region/01_กรุงเทพและปริมณฑล/138_row142_รักษ์คุณคลินิกเวชกรรม,142,รักษ์คุณคลินิกเวชกรรม,กรุงเทพมหานคร,เขตลาดพร้าว,0886499444,logo.png
กรุงเทพและปริมณฑล,/Users/chamacbook/Desktop/KNA/dep/outputs/clinic_logos_by_region/01_กรุงเทพและปริมณฑล,/Users/chamacbook/Desktop/KNA/dep/outputs/clinic_logos_by_region/01_กรุงเทพและปริมณฑล/139_row143_เดอมิซายส์ คลีนิกเวชกรรม,143,เดอมิซายส์ คลีนิกเวชกรรม,กรุงเทพมหานคร,เขตลาดพร้าว,0955651595,logo.png
กรุงเทพและปริมณฑล,/Users/chamacbook/Desktop/KNA/dep/outputs/clinic_logos_by_region/01_กรุงเทพและปริมณฑล,/Users/chamacbook/Desktop/KNA/dep/outputs/clinic_logos_by_region/01_กรุงเทพและปริมณฑล/140_row144_เดอะลูมินัส,144,เดอะลูมินัส,กรุงเทพมหานคร,เขตลาดพร้าว,0909614642,logo.png
กรุงเทพและปริมณฑล,/Users/chamacbook/Desktop/KNA/dep/outputs/clinic_logos_by_region/01_กรุงเทพและปริมณฑล,/Users/chamacbook/Desktop/KNA/dep/outputs/clinic_logos_by_region/01_กรุงเทพและปริมณฑล/141_row145_Amas clinic,145,Amas clinic,กรุงเทพมหานคร,เขตวังทองหลาง,0855654252,logo.png
กรุงเทพและปริมณฑล,/Users/chamacbook/Desktop/KNA/dep/outputs/clinic_logos_by_region/01_กรุงเทพและปริมณฑล,/Users/chamacbook/Desktop/KNA/dep/outputs/clinic_logos_by_region/01_กรุงเทพและปริมณฑล/142_row146_Aura Della Skin Clinic,146,Aura Della Skin Clinic,กรุงเทพมหานคร,เขตวังทองหลาง,0823455666,logo.png
กรุงเทพและปริมณฑล,/Users/chamacbook/Desktop/KNA/dep/outputs/clinic_logos_by_region/01_กรุงเทพและปริมณฑล,/Users/chamacbook/Desktop/KNA/dep/outputs/clinic_logos_by_region/01_กรุงเทพและปริมณฑล/143_row147_Aura Della Skin clinic,147,Aura Della Skin clinic,กรุงเทพมหานคร,เขตวังทองหลาง,0823455666,logo.png
กรุงเทพและปริมณฑล,/Users/chamacbook/Desktop/KNA/dep/outputs/clinic_logos_by_region/01_กรุงเทพและปริมณฑล,/Users/chamacbook/Desktop/KNA/dep/outputs/clinic_logos_by_region/01_กรุงเทพและปริมณฑล/144_row148_Mudan Pavilion,148,Mudan Pavilion,กรุงเทพมหานคร,เขตวังทองหลาง,0614696941,logo.png
กรุงเทพและปริมณฑล,/Users/chamacbook/Desktop/KNA/dep/outputs/clinic_logos_by_region/01_กรุงเทพและปริมณฑล,/Users/chamacbook/Desktop/KNA/dep/outputs/clinic_logos_by_region/01_กรุงเทพและปริมณฑล/145_row149_SHIBUI CLINIC,149,SHIBUI CLINIC,กรุงเทพมหานคร,เขตวังทองหลาง,0992282992,logo.png
กรุงเทพและปริมณฑล,/Users/chamacbook/Desktop/KNA/dep/outputs/clinic_logos_by_region/01_กรุงเทพและปริมณฑล,/Users/chamacbook/Desktop/KNA/dep/outputs/clinic_logos_by_region/01_กรุงเทพและปริมณฑล/146_row150_Shibui Clinic,150,Shibui Clinic,กรุงเทพมหานคร,เขตวังทองหลาง,0994298899,logo.png
กรุงเทพและปริมณฑล,/Users/chamacbook/Desktop/KNA/dep/outputs/clinic_logos_by_region/01_กรุงเทพและปริมณฑล,/Users/chamacbook/Desktop/KNA/dep/outputs/clinic_logos_by_region/01_กรุงเทพและปริมณฑล/147_row151_Shibui clinic,151,Shibui clinic,กรุงเทพมหานคร,เขตวังทองหลาง,0994298899,logo.png
กรุงเทพและปริมณฑล,/Users/chamacbook/Desktop/KNA/dep/outputs/clinic_logos_by_region/01_กรุงเทพและปริมณฑล,/Users/chamacbook/Desktop/KNA/dep/outputs/clinic_logos_by_region/01_กรุงเทพและปริมณฑล/148_row152_The Scenical Clinic,152,The Scenical Clinic,กรุงเทพมหานคร,เขตวังทองหลาง,0809611551,logo.png
กรุงเทพและปริมณฑล,/Users/chamacbook/Desktop/KNA/dep/outputs/clinic_logos_by_region/01_กรุงเทพและปริมณฑล,/Users/chamacbook/Desktop/KNA/dep/outputs/clinic_logos_by_region/01_กรุงเทพและปริมณฑล/149_row153_ดิอาทคลินิก เวชกรรม(สาขา ลาดพร้าว),153,ดิอาทคลินิก เวชกรรม(สาขา ลาดพร้าว),กรุงเทพมหานคร,เขตวังทองหลาง,0944359176,logo.png
กรุงเทพและปริมณฑล,/Users/chamacbook/Desktop/KNA/dep/outputs/clinic_logos_by_region/01_กรุงเทพและปริมณฑล,/Users/chamacbook/Desktop/KNA/dep/outputs/clinic_logos_by_region/01_กรุงเทพและปริมณฑล/150_row154_อัสเธอร์คลินิก,154,อัสเธอร์คลินิก,กรุงเทพมหานคร,เขตวังทองหลาง,0879999456,logo.png
กรุงเทพและปริมณฑล,/Users/chamacbook/Desktop/KNA/dep/outputs/clinic_logos_by_region/01_กรุงเทพและปริมณฑล,/Users/chamacbook/Desktop/KNA/dep/outputs/clinic_logos_by_region/01_กรุงเทพและปริมณฑล/151_row155_อามาส คลีนิก,155,อามาส คลีนิก,กรุงเทพมหานคร,เขตวังทองหลาง,0855654252,logo.png
กรุงเทพและปริมณฑล,/Users/chamacbook/Desktop/KNA/dep/outputs/clinic_logos_by_region/01_กรุงเทพและปริมณฑล,/Users/chamacbook/Desktop/KNA/dep/outputs/clinic_logos_by_region/01_กรุงเทพและปริมณฑล/152_row156_Dr.Pam Clinic,156,Dr.Pam Clinic,กรุงเทพมหานคร,เขตวัฒนา,0896649642,logo.png
กรุงเทพและปริมณฑล,/Users/chamacbook/Desktop/KNA/dep/outputs/clinic_logos_by_region/01_กรุงเทพและปริมณฑล,/Users/chamacbook/Desktop/KNA/dep/outputs/clinic_logos_by_region/01_กรุงเทพและปริมณฑล/153_row157_ID clinic,157,ID clinic,กรุงเทพมหานคร,เขตวัฒนา,0613907000,logo.png
กรุงเทพและปริมณฑล,/Users/chamacbook/Desktop/KNA/dep/outputs/clinic_logos_by_region/01_กรุงเทพและปริมณฑล,/Users/chamacbook/Desktop/KNA/dep/outputs/clinic_logos_by_region/01_กรุงเทพและปริมณฑล/154_row158_Masterwork Clinic,158,Masterwork Clinic,กรุงเทพมหานคร,เขตวัฒนา,0997344261,logo.png
กรุงเทพและปริมณฑล,/Users/chamacbook/Desktop/KNA/dep/outputs/clinic_logos_by_region/01_กรุงเทพและปริมณฑล,/Users/chamacbook/Desktop/KNA/dep/outputs/clinic_logos_by_region/01_กรุงเทพและปริมณฑล/155_row159_Mune clinic,159,Mune clinic,กรุงเทพมหานคร,เขตวัฒนา,0824926424,logo.png
กรุงเทพและปริมณฑล,/Users/chamacbook/Desktop/KNA/dep/outputs/clinic_logos_by_region/01_กรุงเทพและปริมณฑล,/Users/chamacbook/Desktop/KNA/dep/outputs/clinic_logos_by_region/01_กรุงเทพและปริมณฑล/156_row160_OKAY Clinic,160,OKAY Clinic,กรุงเทพมหานคร,เขตวัฒนา,0858823519,logo.png
กรุงเทพและปริมณฑล,/Users/chamacbook/Desktop/KNA/dep/outputs/clinic_logos_by_region/01_กรุงเทพและปริมณฑล,/Users/chamacbook/Desktop/KNA/dep/outputs/clinic_logos_by_region/01_กรุงเทพและปริมณฑล/157_row161_RWC CLINIC,161,RWC CLINIC,กรุงเทพมหานคร,เขตวัฒนา,0806655666,logo.png
กรุงเทพและปริมณฑล,/Users/chamacbook/Desktop/KNA/dep/outputs/clinic_logos_by_region/01_กรุงเทพและปริมณฑล,/Users/chamacbook/Desktop/KNA/dep/outputs/clinic_logos_by_region/01_กรุงเทพและปริมณฑล/158_row162_Rainaparie clinic,162,Rainaparie clinic,กรุงเทพมหานคร,เขตวัฒนา,0830361347,logo.png
กรุงเทพและปริมณฑล,/Users/chamacbook/Desktop/KNA/dep/outputs/clinic_logos_by_region/01_กรุงเทพและปริมณฑล,/Users/chamacbook/Desktop/KNA/dep/outputs/clinic_logos_by_region/01_กรุงเทพและปริมณฑล/159_row163_SLC CLINIC,163,SLC CLINIC,กรุงเทพมหานคร,เขตวัฒนา,027149555,logo.png
กรุงเทพและปริมณฑล,/Users/chamacbook/Desktop/KNA/dep/outputs/clinic_logos_by_region/01_กรุงเทพและปริมณฑล,/Users/chamacbook/Desktop/KNA/dep/outputs/clinic_logos_by_region/01_กรุงเทพและปริมณฑล/160_row164_ดิ อัลมอนด์ คลีนิก,164,ดิ อัลมอนด์ คลีนิก,กรุงเทพมหานคร,เขตวัฒนา,0909618374,logo.png
กรุงเทพและปริมณฑล,/Users/chamacbook/Desktop/KNA/dep/outputs/clinic_logos_by_region/01_กรุงเทพและปริมณฑล,/Users/chamacbook/Desktop/KNA/dep/outputs/clinic_logos_by_region/01_กรุงเทพและปริมณฑล/161_row165_นิวดรีมคลินิกเวชกรรม,165,นิวดรีมคลินิกเวชกรรม,กรุงเทพมหานคร,เขตวัฒนา,0874428994,logo.png
กรุงเทพและปริมณฑล,/Users/chamacbook/Desktop/KNA/dep/outputs/clinic_logos_by_region/01_กรุงเทพและปริมณฑล,/Users/chamacbook/Desktop/KNA/dep/outputs/clinic_logos_by_region/01_กรุงเทพและปริมณฑล/162_row166_นิวดรีมคลีนิกเวชกรรม,166,นิวดรีมคลีนิกเวชกรรม,กรุงเทพมหานคร,เขตวัฒนา,0874428994,logo.png
กรุงเทพและปริมณฑล,/Users/chamacbook/Desktop/KNA/dep/outputs/clinic_logos_by_region/01_กรุงเทพและปริมณฑล,/Users/chamacbook/Desktop/KNA/dep/outputs/clinic_logos_by_region/01_กรุงเทพและปริมณฑล/163_row167_บริษัท แอบโซลูท บิวตี้ คลินิก จํากัด,167,บริษัท แอบโซลูท บิวตี้ คลินิก จำกัด,กรุงเทพมหานคร,เขตวัฒนา,0863178962,logo.png
กรุงเทพและปริมณฑล,/Users/chamacbook/Desktop/KNA/dep/outputs/clinic_logos_by_region/01_กรุงเทพและปริมณฑล,/Users/chamacbook/Desktop/KNA/dep/outputs/clinic_logos_by_region/01_กรุงเทพและปริมณฑล/164_row168_รัยนาแพรี คลีนิก,168,รัยนาแพรี คลีนิก,กรุงเทพมหานคร,เขตวัฒนา,026621597,logo.png
กรุงเทพและปริมณฑล,/Users/chamacbook/Desktop/KNA/dep/outputs/clinic_logos_by_region/01_กรุงเทพและปริมณฑล,/Users/chamacbook/Desktop/KNA/dep/outputs/clinic_logos_by_region/01_กรุงเทพและปริมณฑล/165_row169_เคเมซองคลีนิกเวชกรรม,169,เคเมซองคลีนิกเวชกรรม,กรุงเทพมหานคร,เขตวัฒนา,0629532415,logo.png
กรุงเทพและปริมณฑล,/Users/chamacbook/Desktop/KNA/dep/outputs/clinic_logos_by_region/01_กรุงเทพและปริมณฑล,/Users/chamacbook/Desktop/KNA/dep/outputs/clinic_logos_by_region/01_กรุงเทพและปริมณฑล/166_row170_เมก้าเมดคลินิกเวชกรรม,170,เมก้าเมดคลินิกเวชกรรม,กรุงเทพมหานคร,เขตวัฒนา,0911861865,logo.png
กรุงเทพและปริมณฑล,/Users/chamacbook/Desktop/KNA/dep/outputs/clinic_logos_by_region/01_กรุงเทพและปริมณฑล,/Users/chamacbook/Desktop/KNA/dep/outputs/clinic_logos_by_region/01_กรุงเทพและปริมณฑล/167_row171_BEHAP Wellness clinic,171,BEHAP Wellness clinic,กรุงเทพมหานคร,เขตสวนหลวง,0818113455,logo.png
กรุงเทพและปริมณฑล,/Users/chamacbook/Desktop/KNA/dep/outputs/clinic_logos_by_region/01_กรุงเทพและปริมณฑล,/Users/chamacbook/Desktop/KNA/dep/outputs/clinic_logos_by_region/01_กรุงเทพและปริมณฑล/168_row172_Let me in clinic,172,Let me in clinic,กรุงเทพมหานคร,เขตสวนหลวง,0915992989,logo.png
กรุงเทพและปริมณฑล,/Users/chamacbook/Desktop/KNA/dep/outputs/clinic_logos_by_region/01_กรุงเทพและปริมณฑล,/Users/chamacbook/Desktop/KNA/dep/outputs/clinic_logos_by_region/01_กรุงเทพและปริมณฑล/169_row173_MD Siam Clinic,173,MD Siam Clinic,กรุงเทพมหานคร,เขตสะพานสูง,0898950046,logo.png
กรุงเทพและปริมณฑล,/Users/chamacbook/Desktop/KNA/dep/outputs/clinic_logos_by_region/01_กรุงเทพและปริมณฑล,/Users/chamacbook/Desktop/KNA/dep/outputs/clinic_logos_by_region/01_กรุงเทพและปริมณฑล/170_row174_Add Life Clinic,174,Add Life Clinic,กรุงเทพมหานคร,เขตสาทร,026777077,logo.png
กรุงเทพและปริมณฑล,/Users/chamacbook/Desktop/KNA/dep/outputs/clinic_logos_by_region/01_กรุงเทพและปริมณฑล,/Users/chamacbook/Desktop/KNA/dep/outputs/clinic_logos_by_region/01_กรุงเทพและปริมณฑล/171_row175_นาถลดา คลินิกเวชกรรม,175,นาถลดา คลินิกเวชกรรม,กรุงเทพมหานคร,เขตสาทร,0814877196,logo.png
กรุงเทพและปริมณฑล,/Users/chamacbook/Desktop/KNA/dep/outputs/clinic_logos_by_region/01_กรุงเทพและปริมณฑล,/Users/chamacbook/Desktop/KNA/dep/outputs/clinic_logos_by_region/01_กรุงเทพและปริมณฑล/172_row176_เอสติมาคลินิกเวชกรรม,176,เอสติมาคลินิกเวชกรรม,กรุงเทพมหานคร,เขตสาทร,02-2699994,logo.png
กรุงเทพและปริมณฑล,/Users/chamacbook/Desktop/KNA/dep/outputs/clinic_logos_by_region/01_กรุงเทพและปริมณฑล,/Users/chamacbook/Desktop/KNA/dep/outputs/clinic_logos_by_region/01_กรุงเทพและปริมณฑล/173_row177_AWC Wellness clinic,177,AWC Wellness clinic,กรุงเทพมหานคร,เขตสายไหม,0968792639,logo.png
กรุงเทพและปริมณฑล,/Users/chamacbook/Desktop/KNA/dep/outputs/clinic_logos_by_region/01_กรุงเทพและปริมณฑล,/Users/chamacbook/Desktop/KNA/dep/outputs/clinic_logos_by_region/01_กรุงเทพและปริมณฑล/174_row178_Dr.Arm Clinic,178,Dr.Arm Clinic,กรุงเทพมหานคร,เขตสายไหม,0864096181,logo.png
กรุงเทพและปริมณฑล,/Users/chamacbook/Desktop/KNA/dep/outputs/clinic_logos_by_region/01_กรุงเทพและปริมณฑล,/Users/chamacbook/Desktop/KNA/dep/outputs/clinic_logos_by_region/01_กรุงเทพและปริมณฑล/175_row179_แกลมมินโน่ คลินิก,179,แกลมมินโน่ คลินิก,กรุงเทพมหานคร,เขตสายไหม,0944956644,logo.png
กรุงเทพและปริมณฑล,/Users/chamacbook/Desktop/KNA/dep/outputs/clinic_logos_by_region/01_กรุงเทพและปริมณฑล,/Users/chamacbook/Desktop/KNA/dep/outputs/clinic_logos_by_region/01_กรุงเทพและปริมณฑล/176_row180_PARC CLINIC,180,PARC CLINIC,กรุงเทพมหานคร,เขตหนองแขม,0863985571,logo.png
กรุงเทพและปริมณฑล,/Users/chamacbook/Desktop/KNA/dep/outputs/clinic_logos_by_region/01_กรุงเทพและปริมณฑล,/Users/chamacbook/Desktop/KNA/dep/outputs/clinic_logos_by_region/01_กรุงเทพและปริมณฑล/177_row181_PARC Clinic,181,PARC Clinic,กรุงเทพมหานคร,เขตหนองแขม,0863985571,logo.png
กรุงเทพและปริมณฑล,/Users/chamacbook/Desktop/KNA/dep/outputs/clinic_logos_by_region/01_กรุงเทพและปริมณฑล,/Users/chamacbook/Desktop/KNA/dep/outputs/clinic_logos_by_region/01_กรุงเทพและปริมณฑล/178_row182_About Face Clinic,182,About Face Clinic,กรุงเทพมหานคร,เขตหลักสี่,0646422224,logo.png
กรุงเทพและปริมณฑล,/Users/chamacbook/Desktop/KNA/dep/outputs/clinic_logos_by_region/01_กรุงเทพและปริมณฑล,/Users/chamacbook/Desktop/KNA/dep/outputs/clinic_logos_by_region/01_กรุงเทพและปริมณฑล/179_row183_BKK Beauty Club Clinic,183,BKK Beauty Club Clinic,กรุงเทพมหานคร,เขตห้วยขวาง,0615452444,logo.png
กรุงเทพและปริมณฑล,/Users/chamacbook/Desktop/KNA/dep/outputs/clinic_logos_by_region/01_กรุงเทพและปริมณฑล,/Users/chamacbook/Desktop/KNA/dep/outputs/clinic_logos_by_region/01_กรุงเทพและปริมณฑล/180_row184_BKk clinic,184,BKk clinic,กรุงเทพมหานคร,เขตห้วยขวาง,0849124488,logo.png
กรุงเทพและปริมณฑล,/Users/chamacbook/Desktop/KNA/dep/outputs/clinic_logos_by_region/01_กรุงเทพและปริมณฑล,/Users/chamacbook/Desktop/KNA/dep/outputs/clinic_logos_by_region/01_กรุงเทพและปริมณฑล/181_row185_Siraikorn Clinic,185,Siraikorn Clinic,กรุงเทพมหานคร,เขตห้วยขวาง,0616080624,logo.png
กรุงเทพและปริมณฑล,/Users/chamacbook/Desktop/KNA/dep/outputs/clinic_logos_by_region/01_กรุงเทพและปริมณฑล,/Users/chamacbook/Desktop/KNA/dep/outputs/clinic_logos_by_region/01_กรุงเทพและปริมณฑล/182_row186_Sukcheewa Clinic,186,Sukcheewa Clinic,กรุงเทพมหานคร,เขตห้วยขวาง,0894614426,logo.png
กรุงเทพและปริมณฑล,/Users/chamacbook/Desktop/KNA/dep/outputs/clinic_logos_by_region/01_กรุงเทพและปริมณฑล,/Users/chamacbook/Desktop/KNA/dep/outputs/clinic_logos_by_region/01_กรุงเทพและปริมณฑล/183_row187_ประกายพรึก คลีนิกเวชกรรม,187,ประกายพรึก คลีนิกเวชกรรม,กรุงเทพมหานคร,เขตห้วยขวาง,0622289629,logo.png
กรุงเทพและปริมณฑล,/Users/chamacbook/Desktop/KNA/dep/outputs/clinic_logos_by_region/01_กรุงเทพและปริมณฑล,/Users/chamacbook/Desktop/KNA/dep/outputs/clinic_logos_by_region/01_กรุงเทพและปริมณฑล/184_row188_พูจองคลินิก,188,พูจองคลินิก,กรุงเทพมหานคร,เขตห้วยขวาง,0917087192,logo.png
กรุงเทพและปริมณฑล,/Users/chamacbook/Desktop/KNA/dep/outputs/clinic_logos_by_region/01_กรุงเทพและปริมณฑล,/Users/chamacbook/Desktop/KNA/dep/outputs/clinic_logos_by_region/01_กรุงเทพและปริมณฑล/185_row189_มี คลีนิคเวชกรรม,189,มี คลีนิคเวชกรรม,กรุงเทพมหานคร,เขตห้วยขวาง,0925969090,logo.png
กรุงเทพและปริมณฑล,/Users/chamacbook/Desktop/KNA/dep/outputs/clinic_logos_by_region/01_กรุงเทพและปริมณฑล,/Users/chamacbook/Desktop/KNA/dep/outputs/clinic_logos_by_region/01_กรุงเทพและปริมณฑล/186_row190_เดอะคลีนิกส์ คลีนิกเวชกรรม,190,เดอะคลีนิกส์ คลีนิกเวชกรรม,กรุงเทพมหานคร,เขตห้วยขวาง,0982584011,logo.png
กรุงเทพและปริมณฑล,/Users/chamacbook/Desktop/KNA/dep/outputs/clinic_logos_by_region/01_กรุงเทพและปริมณฑล,/Users/chamacbook/Desktop/KNA/dep/outputs/clinic_logos_by_region/01_กรุงเทพและปริมณฑล/187_row191_เรโนเวีย คลีนิก,191,เรโนเวีย คลีนิก,กรุงเทพมหานคร,เขตห้วยขวาง,0844390391,logo.png
กรุงเทพและปริมณฑล,/Users/chamacbook/Desktop/KNA/dep/outputs/clinic_logos_by_region/01_กรุงเทพและปริมณฑล,/Users/chamacbook/Desktop/KNA/dep/outputs/clinic_logos_by_region/01_กรุงเทพและปริมณฑล/188_row192_คลินิค สีชมพู,192,คลินิค สีชมพู,นครปฐม,เมืองนครปฐม,081705673,logo.png
กรุงเทพและปริมณฑล,/Users/chamacbook/Desktop/KNA/dep/outputs/clinic_logos_by_region/01_กรุงเทพและปริมณฑล,/Users/chamacbook/Desktop/KNA/dep/outputs/clinic_logos_by_region/01_กรุงเทพและปริมณฑล/189_row193_โนว่า คลินิกเวชกรรม,193,โนว่า คลินิกเวชกรรม,นนทบุรี,บางกรวย,0827016650,logo.png
กรุงเทพและปริมณฑล,/Users/chamacbook/Desktop/KNA/dep/outputs/clinic_logos_by_region/01_กรุงเทพและปริมณฑล,/Users/chamacbook/Desktop/KNA/dep/outputs/clinic_logos_by_region/01_กรุงเทพและปริมณฑล/190_row194_คลินิกหมอณัฐวุฒิ สูติแพทย์,194,คลินิกหมอณัฐวุฒิ สูติแพทย์,นนทบุรี,บางใหญ่,0805466463,logo.png
กรุงเทพและปริมณฑล,/Users/chamacbook/Desktop/KNA/dep/outputs/clinic_logos_by_region/01_กรุงเทพและปริมณฑล,/Users/chamacbook/Desktop/KNA/dep/outputs/clinic_logos_by_region/01_กรุงเทพและปริมณฑล/191_row195_สกายเมดคลินิก,195,สกายเมดคลินิก,นนทบุรี,บางใหญ่,0882441453,logo.png
กรุงเทพและปริมณฑล,/Users/chamacbook/Desktop/KNA/dep/outputs/clinic_logos_by_region/01_กรุงเทพและปริมณฑล,/Users/chamacbook/Desktop/KNA/dep/outputs/clinic_logos_by_region/01_กรุงเทพและปริมณฑล/192_row196_หมอลูกหมูคลินิกเวชกรรม,196,หมอลูกหมูคลินิกเวชกรรม,นนทบุรี,บางใหญ่,0814894101,logo.png
กรุงเทพและปริมณฑล,/Users/chamacbook/Desktop/KNA/dep/outputs/clinic_logos_by_region/01_กรุงเทพและปริมณฑล,/Users/chamacbook/Desktop/KNA/dep/outputs/clinic_logos_by_region/01_กรุงเทพและปริมณฑล/193_row197_Classy clinic,197,Classy clinic,นนทบุรี,ปากเกร็ด,0622899156,logo.png
กรุงเทพและปริมณฑล,/Users/chamacbook/Desktop/KNA/dep/outputs/clinic_logos_by_region/01_กรุงเทพและปริมณฑล,/Users/chamacbook/Desktop/KNA/dep/outputs/clinic_logos_by_region/01_กรุงเทพและปริมณฑล/194_row198_ฟอเรสเต้ คลินิก,198,ฟอเรสเต้ คลินิก,นนทบุรี,ปากเกร็ด,0650519899,logo.png
กรุงเทพและปริมณฑล,/Users/chamacbook/Desktop/KNA/dep/outputs/clinic_logos_by_region/01_กรุงเทพและปริมณฑล,/Users/chamacbook/Desktop/KNA/dep/outputs/clinic_logos_by_region/01_กรุงเทพและปริมณฑล/195_row199_รีจาวูคลินิกเวชกรรม,199,รีจาวูคลินิกเวชกรรม,นนทบุรี,ปากเกร็ด,0971861216,logo.png
กรุงเทพและปริมณฑล,/Users/chamacbook/Desktop/KNA/dep/outputs/clinic_logos_by_region/01_กรุงเทพและปริมณฑล,/Users/chamacbook/Desktop/KNA/dep/outputs/clinic_logos_by_region/01_กรุงเทพและปริมณฑล/196_row200_คลินิกด็อกเตอร์ออมทอง,200,คลินิกด็อกเตอร์ออมทอง,นนทบุรี,เมืองนนทบุรี,0840033319,logo.png
กรุงเทพและปริมณฑล,/Users/chamacbook/Desktop/KNA/dep/outputs/clinic_logos_by_region/01_กรุงเทพและปริมณฑล,/Users/chamacbook/Desktop/KNA/dep/outputs/clinic_logos_by_region/01_กรุงเทพและปริมณฑล/197_row201_คลินิกสนามบินน้ํา,201,คลินิกสนามบินน้ำ,นนทบุรี,เมืองนนทบุรี,0919414697,logo.png
กรุงเทพและปริมณฑล,/Users/chamacbook/Desktop/KNA/dep/outputs/clinic_logos_by_region/01_กรุงเทพและปริมณฑล,/Users/chamacbook/Desktop/KNA/dep/outputs/clinic_logos_by_region/01_กรุงเทพและปริมณฑล/198_row202_ด็อกเตอร์ออมทองคลินิกเฉพาะทางด้านเวชกรรมสูตินรีเวช,202,ด็อกเตอร์ออมทองคลินิกเฉพาะทางด้านเวชกรรมสูตินรีเวช,นนทบุรี,เมืองนนทบุรี,0840033319,logo.png
กรุงเทพและปริมณฑล,/Users/chamacbook/Desktop/KNA/dep/outputs/clinic_logos_by_region/01_กรุงเทพและปริมณฑล,/Users/chamacbook/Desktop/KNA/dep/outputs/clinic_logos_by_region/01_กรุงเทพและปริมณฑล/199_row203_ด็อกเตอร์เจมส์ คลินิกเวชกรรม,203,ด็อกเตอร์เจมส์ คลินิกเวชกรรม,นนทบุรี,เมืองนนทบุรี,0952966926,logo.png
กรุงเทพและปริมณฑล,/Users/chamacbook/Desktop/KNA/dep/outputs/clinic_logos_by_region/01_กรุงเทพและปริมณฑล,/Users/chamacbook/Desktop/KNA/dep/outputs/clinic_logos_by_region/01_กรุงเทพและปริมณฑล/200_row204_ร.พ. เลอลักษณ์,204,ร.พ. เลอลักษณ์,นนทบุรี,เมืองนนทบุรี,028882888,logo.png
กรุงเทพและปริมณฑล,/Users/chamacbook/Desktop/KNA/dep/outputs/clinic_logos_by_region/01_กรุงเทพและปริมณฑล,/Users/chamacbook/Desktop/KNA/dep/outputs/clinic_logos_by_region/01_กรุงเทพและปริมณฑล/201_row205_รัสมิ์ภูมิ คลินิก,205,รัสมิ์ภูมิ คลินิก,นนทบุรี,เมืองนนทบุรี,0944271626,logo.png
กรุงเทพและปริมณฑล,/Users/chamacbook/Desktop/KNA/dep/outputs/clinic_logos_by_region/01_กรุงเทพและปริมณฑล,/Users/chamacbook/Desktop/KNA/dep/outputs/clinic_logos_by_region/01_กรุงเทพและปริมณฑล/202_row206_ฮีสแอนด์เฮอร์แบงคอกคลีนิกเวชกรรม,206,ฮีสแอนด์เฮอร์แบงคอกคลีนิกเวชกรรม,นนทบุรี,เมืองนนทบุรี,0988962999,logo.png
กรุงเทพและปริมณฑล,/Users/chamacbook/Desktop/KNA/dep/outputs/clinic_logos_by_region/01_กรุงเทพและปริมณฑล,/Users/chamacbook/Desktop/KNA/dep/outputs/clinic_logos_by_region/01_กรุงเทพและปริมณฑล/203_row207_เดอะ ชานซ์ คลินิกเวชกรรม,207,เดอะ ชานซ์ คลินิกเวชกรรม,นนทบุรี,เมืองนนทบุรี,0801265123,logo.png
กรุงเทพและปริมณฑล,/Users/chamacbook/Desktop/KNA/dep/outputs/clinic_logos_by_region/01_กรุงเทพและปริมณฑล,/Users/chamacbook/Desktop/KNA/dep/outputs/clinic_logos_by_region/01_กรุงเทพและปริมณฑล/204_row208_Cieltaa clinic,208,Cieltaa clinic,ปทุมธานี,คลองหลวง,0612563294,logo.png
กรุงเทพและปริมณฑล,/Users/chamacbook/Desktop/KNA/dep/outputs/clinic_logos_by_region/01_กรุงเทพและปริมณฑล,/Users/chamacbook/Desktop/KNA/dep/outputs/clinic_logos_by_region/01_กรุงเทพและปริมณฑล/205_row209_TheTree clinic,209,TheTree clinic,ปทุมธานี,คลองหลวง,0945514292,logo.png
กรุงเทพและปริมณฑล,/Users/chamacbook/Desktop/KNA/dep/outputs/clinic_logos_by_region/01_กรุงเทพและปริมณฑล,/Users/chamacbook/Desktop/KNA/dep/outputs/clinic_logos_by_region/01_กรุงเทพและปริมณฑล/206_row210_La ferly clinic,210,La ferly clinic,ปทุมธานี,ธัญบุรี,0646959555,logo.png
กรุงเทพและปริมณฑล,/Users/chamacbook/Desktop/KNA/dep/outputs/clinic_logos_by_region/01_กรุงเทพและปริมณฑล,/Users/chamacbook/Desktop/KNA/dep/outputs/clinic_logos_by_region/01_กรุงเทพและปริมณฑล/207_row211_เอเวอรี่เดย์ คลินิก,211,เอเวอรี่เดย์ คลินิก,ปทุมธานี,ธัญบุรี,0642429519,logo.png
กรุงเทพและปริมณฑล,/Users/chamacbook/Desktop/KNA/dep/outputs/clinic_logos_by_region/01_กรุงเทพและปริมณฑล,/Users/chamacbook/Desktop/KNA/dep/outputs/clinic_logos_by_region/01_กรุงเทพและปริมณฑล/208_row212_แพรวพราว คลินิก,212,แพรวพราว คลินิก,ปทุมธานี,ธัญบุรี,0645146242,logo.png
กรุงเทพและปริมณฑล,/Users/chamacbook/Desktop/KNA/dep/outputs/clinic_logos_by_region/01_กรุงเทพและปริมณฑล,/Users/chamacbook/Desktop/KNA/dep/outputs/clinic_logos_by_region/01_กรุงเทพและปริมณฑล/209_row213_Aesthara Clinic,213,Aesthara Clinic,ปทุมธานี,เมืองปทุมธานี,0655069755,logo.png
กรุงเทพและปริมณฑล,/Users/chamacbook/Desktop/KNA/dep/outputs/clinic_logos_by_region/01_กรุงเทพและปริมณฑล,/Users/chamacbook/Desktop/KNA/dep/outputs/clinic_logos_by_region/01_กรุงเทพและปริมณฑล/210_row214_CSP Clinic,214,CSP Clinic,ปทุมธานี,เมืองปทุมธานี,0954194662,logo.png
กรุงเทพและปริมณฑล,/Users/chamacbook/Desktop/KNA/dep/outputs/clinic_logos_by_region/01_กรุงเทพและปริมณฑล,/Users/chamacbook/Desktop/KNA/dep/outputs/clinic_logos_by_region/01_กรุงเทพและปริมณฑล/211_row215_ลาบิวเต้ คลินิก,215,ลาบิวเต้ คลินิก,ปทุมธานี,เมืองปทุมธานี,0818632296,logo.png
กรุงเทพและปริมณฑล,/Users/chamacbook/Desktop/KNA/dep/outputs/clinic_logos_by_region/01_กรุงเทพและปริมณฑล,/Users/chamacbook/Desktop/KNA/dep/outputs/clinic_logos_by_region/01_กรุงเทพและปริมณฑล/212_row216_ARTISTRY CLINIC,216,ARTISTRY CLINIC,สมุทรปราการ,บางพลี,0659597215,logo.png
กรุงเทพและปริมณฑล,/Users/chamacbook/Desktop/KNA/dep/outputs/clinic_logos_by_region/01_กรุงเทพและปริมณฑล,/Users/chamacbook/Desktop/KNA/dep/outputs/clinic_logos_by_region/01_กรุงเทพและปริมณฑล/213_row217_Avocado Clinic คลินิกหมอหนูปอนด์ (สาขากิ่งแก้ว- สุวรรณภูมิ) ศูนย์รักษาหลุมสิว,217,Avocado Clinic คลินิกหมอหนูปอนด์ (สาขากิ่งแก้ว- สุวรรณภูมิ) ศูนย์รักษาหลุมสิว,สมุทรปราการ,บางพลี,0619639154,logo.png
กรุงเทพและปริมณฑล,/Users/chamacbook/Desktop/KNA/dep/outputs/clinic_logos_by_region/01_กรุงเทพและปริมณฑล,/Users/chamacbook/Desktop/KNA/dep/outputs/clinic_logos_by_region/01_กรุงเทพและปริมณฑล/214_row218_Belin Clinic,218,Belin Clinic,สมุทรปราการ,บางพลี,0969247888,logo.png
กรุงเทพและปริมณฑล,/Users/chamacbook/Desktop/KNA/dep/outputs/clinic_logos_by_region/01_กรุงเทพและปริมณฑล,/Users/chamacbook/Desktop/KNA/dep/outputs/clinic_logos_by_region/01_กรุงเทพและปริมณฑล/215_row219_Dr.Mint Aesthetic Clinic,219,Dr.Mint Aesthetic Clinic,สมุทรปราการ,บางพลี,0852259688,logo.png
กรุงเทพและปริมณฑล,/Users/chamacbook/Desktop/KNA/dep/outputs/clinic_logos_by_region/01_กรุงเทพและปริมณฑล,/Users/chamacbook/Desktop/KNA/dep/outputs/clinic_logos_by_region/01_กรุงเทพและปริมณฑล/216_row220_Dr.Mint Aesthetic Clinic,220,Dr.Mint Aesthetic Clinic,สมุทรปราการ,บางพลี,0852259788,logo.png
กรุงเทพและปริมณฑล,/Users/chamacbook/Desktop/KNA/dep/outputs/clinic_logos_by_region/01_กรุงเทพและปริมณฑล,/Users/chamacbook/Desktop/KNA/dep/outputs/clinic_logos_by_region/01_กรุงเทพและปริมณฑล/217_row221_HS Wellness Clinic,221,HS Wellness Clinic,สมุทรปราการ,บางพลี,0969247888,logo.png
กรุงเทพและปริมณฑล,/Users/chamacbook/Desktop/KNA/dep/outputs/clinic_logos_by_region/01_กรุงเทพและปริมณฑล,/Users/chamacbook/Desktop/KNA/dep/outputs/clinic_logos_by_region/01_กรุงเทพและปริมณฑล/218_row222_PK Clinic,222,PK Clinic,สมุทรปราการ,บางพลี,0819651446,logo.png
กรุงเทพและปริมณฑล,/Users/chamacbook/Desktop/KNA/dep/outputs/clinic_logos_by_region/01_กรุงเทพและปริมณฑล,/Users/chamacbook/Desktop/KNA/dep/outputs/clinic_logos_by_region/01_กรุงเทพและปริมณฑล/219_row223_RN Clinic,223,RN Clinic,สมุทรปราการ,บางพลี,0909854107,logo.png
กรุงเทพและปริมณฑล,/Users/chamacbook/Desktop/KNA/dep/outputs/clinic_logos_by_region/01_กรุงเทพและปริมณฑล,/Users/chamacbook/Desktop/KNA/dep/outputs/clinic_logos_by_region/01_กรุงเทพและปริมณฑล/220_row224_สิดารัตน์ CLINIC,224,สิดารัตน์ CLINIC,สมุทรปราการ,เมืองสมุทรปราการ,0943563998,logo.png
กรุงเทพและปริมณฑล,/Users/chamacbook/Desktop/KNA/dep/outputs/clinic_logos_by_region/01_กรุงเทพและปริมณฑล,/Users/chamacbook/Desktop/KNA/dep/outputs/clinic_logos_by_region/01_กรุงเทพและปริมณฑล/221_row225_โซลกู๊ดคลินิก,225,โซลกู๊ดคลินิก,สมุทรปราการ,เมืองสมุทรปราการ,0892208425,logo.png
กรุงเทพและปริมณฑล,/Users/chamacbook/Desktop/KNA/dep/outputs/clinic_logos_by_region/01_กรุงเทพและปริมณฑล,/Users/chamacbook/Desktop/KNA/dep/outputs/clinic_logos_by_region/01_กรุงเทพและปริมณฑล/222_row226_Sunday clinic,226,Sunday clinic,สมุทรสาคร,เมืองสมุทรสาคร,0815099599,logo.png
ภาคกลาง,/Users/chamacbook/Desktop/KNA/dep/outputs/clinic_logos_by_region/02_ภาคกลาง,/Users/chamacbook/Desktop/KNA/dep/outputs/clinic_logos_by_region/02_ภาคกลาง/001_row5_สโรชา คลินิก,5,สโรชา คลินิก,ชัยนาท,เมืองชัยนาท,0922098851,logo.png
ภาคกลาง,/Users/chamacbook/Desktop/KNA/dep/outputs/clinic_logos_by_region/02_ภาคกลาง,/Users/chamacbook/Desktop/KNA/dep/outputs/clinic_logos_by_region/02_ภาคกลาง/002_row6_สิริยาคลินิกเวชกรรม,6,สิริยาคลินิกเวชกรรม,นครนายก,บ้านนา,0954874780,logo.png
ภาคกลาง,/Users/chamacbook/Desktop/KNA/dep/outputs/clinic_logos_by_region/02_ภาคกลาง,/Users/chamacbook/Desktop/KNA/dep/outputs/clinic_logos_by_region/02_ภาคกลาง/003_row7_สิริยาคลินิกเวชกรรม,7,สิริยาคลินิกเวชกรรม,นครนายก,บ้านนา,0954874780,logo.png
ภาคกลาง,/Users/chamacbook/Desktop/KNA/dep/outputs/clinic_logos_by_region/02_ภาคกลาง,/Users/chamacbook/Desktop/KNA/dep/outputs/clinic_logos_by_region/02_ภาคกลาง/004_row8_กระต่ายคลินิกเวชกรรม,8,กระต่ายคลินิกเวชกรรม,นครนายก,เมืองนครนายก,0642363991,logo.png
ภาคกลาง,/Users/chamacbook/Desktop/KNA/dep/outputs/clinic_logos_by_region/02_ภาคกลาง,/Users/chamacbook/Desktop/KNA/dep/outputs/clinic_logos_by_region/02_ภาคกลาง/005_row9_Dr.Deaw Clinic,9,Dr.Deaw Clinic,พระนครศรีอยุธยา,บางปะอิน,0894980824,logo.png
ภาคกลาง,/Users/chamacbook/Desktop/KNA/dep/outputs/clinic_logos_by_region/02_ภาคกลาง,/Users/chamacbook/Desktop/KNA/dep/outputs/clinic_logos_by_region/02_ภาคกลาง/006_row10_เคทีเฮลท์ สหคลินิก,10,เคทีเฮลท์ สหคลินิก,ลพบุรี,พัฒนานิคม,0990309002,logo.png
ภาคกลาง,/Users/chamacbook/Desktop/KNA/dep/outputs/clinic_logos_by_region/02_ภาคกลาง,/Users/chamacbook/Desktop/KNA/dep/outputs/clinic_logos_by_region/02_ภาคกลาง/007_row11_หมอภูมิ - หมอเฟิร์น คลินิกเวชกรรม,11,หมอภูมิ - หมอเฟิร์น คลินิกเวชกรรม,ลพบุรี,เมืองลพบุรี,0846055070,logo.png
ภาคกลาง,/Users/chamacbook/Desktop/KNA/dep/outputs/clinic_logos_by_region/02_ภาคกลาง,/Users/chamacbook/Desktop/KNA/dep/outputs/clinic_logos_by_region/02_ภาคกลาง/008_row12_Arte House Clinic,12,Arte House Clinic,สระบุรี,เมืองสระบุรี,0914289446,logo.png
ภาคกลาง,/Users/chamacbook/Desktop/KNA/dep/outputs/clinic_logos_by_region/02_ภาคกลาง,/Users/chamacbook/Desktop/KNA/dep/outputs/clinic_logos_by_region/02_ภาคกลาง/009_row13_Pearl clinic,13,Pearl clinic,สระบุรี,เมืองสระบุรี,0818892809,logo.png
ภาคกลาง,/Users/chamacbook/Desktop/KNA/dep/outputs/clinic_logos_by_region/02_ภาคกลาง,/Users/chamacbook/Desktop/KNA/dep/outputs/clinic_logos_by_region/02_ภาคกลาง/010_row14_นางสาวนงลักษณ์ ลักษณะไทย,14,นางสาวนงลักษณ์ ลักษณะไทย,สระบุรี,แก่งคอย,0836987298,logo.png
ภาคกลาง,/Users/chamacbook/Desktop/KNA/dep/outputs/clinic_logos_by_region/02_ภาคกลาง,/Users/chamacbook/Desktop/KNA/dep/outputs/clinic_logos_by_region/02_ภาคกลาง/011_row15_คลินิกพจนารถ-บุญชัยการเเพทย์ (คลินิกหมอฝัน),15,คลินิกพจนารถ-บุญชัยการเเพทย์ (คลินิกหมอฝัน),สุพรรณบุรี,สองพี่น้อง,0879109995,logo.png
ภาคกลาง,/Users/chamacbook/Desktop/KNA/dep/outputs/clinic_logos_by_region/02_ภาคกลาง,/Users/chamacbook/Desktop/KNA/dep/outputs/clinic_logos_by_region/02_ภาคกลาง/012_row16_คลินิกหมอฝัน,16,คลินิกหมอฝัน,สุพรรณบุรี,สองพี่น้อง,0879109995,logo.png
ภาคกลาง,/Users/chamacbook/Desktop/KNA/dep/outputs/clinic_logos_by_region/02_ภาคกลาง,/Users/chamacbook/Desktop/KNA/dep/outputs/clinic_logos_by_region/02_ภาคกลาง/013_row17_คลินิคพจนารถ-บุญชัยการแพทย์,17,คลินิคพจนารถ-บุญชัยการแพทย์,สุพรรณบุรี,สองพี่น้อง,0879109995,logo.png
ภาคเหนือ,/Users/chamacbook/Desktop/KNA/dep/outputs/clinic_logos_by_region/03_ภาคเหนือ,/Users/chamacbook/Desktop/KNA/dep/outputs/clinic_logos_by_region/03_ภาคเหนือ/001_row5_กานต์ชนก คลินิก,5,กานต์ชนก คลินิก,กำแพงเพชร,เมืองกำแพงเพชร,0824919891,logo.png
ภาคเหนือ,/Users/chamacbook/Desktop/KNA/dep/outputs/clinic_logos_by_region/03_ภาคเหนือ,/Users/chamacbook/Desktop/KNA/dep/outputs/clinic_logos_by_region/03_ภาคเหนือ/002_row6_บริษัท พารากอน เดอร์มา จํากัด,6,บริษัท พารากอน เดอร์มา จำกัด,กำแพงเพชร,เมืองกำแพงเพชร,0800141144,logo.png
ภาคเหนือ,/Users/chamacbook/Desktop/KNA/dep/outputs/clinic_logos_by_region/03_ภาคเหนือ,/Users/chamacbook/Desktop/KNA/dep/outputs/clinic_logos_by_region/03_ภาคเหนือ/003_row7_พญ. ชนิดาพร อาจกล้า (พราว คลินิก),7,พญ. ชนิดาพร อาจกล้า (พราว คลินิก),กำแพงเพชร,เมืองกำแพงเพชร,0966659422,logo.png
ภาคเหนือ,/Users/chamacbook/Desktop/KNA/dep/outputs/clinic_logos_by_region/03_ภาคเหนือ,/Users/chamacbook/Desktop/KNA/dep/outputs/clinic_logos_by_region/03_ภาคเหนือ/004_row8_พราวด์คลินิกเวชกรรม Proud Clinic,8,พราวด์คลินิกเวชกรรม Proud Clinic,กำแพงเพชร,เมืองกำแพงเพชร,0966659422,logo.png
ภาคเหนือ,/Users/chamacbook/Desktop/KNA/dep/outputs/clinic_logos_by_region/03_ภาคเหนือ,/Users/chamacbook/Desktop/KNA/dep/outputs/clinic_logos_by_region/03_ภาคเหนือ/005_row9_ANDA CLINIC,9,ANDA CLINIC,นครสวรรค์,เมืองนครสวรรค์,056200890,logo.png
ภาคเหนือ,/Users/chamacbook/Desktop/KNA/dep/outputs/clinic_logos_by_region/03_ภาคเหนือ,/Users/chamacbook/Desktop/KNA/dep/outputs/clinic_logos_by_region/03_ภาคเหนือ/006_row10_Awika Clinic,10,Awika Clinic,นครสวรรค์,เมืองนครสวรรค์,0873776688,logo.png
ภาคเหนือ,/Users/chamacbook/Desktop/KNA/dep/outputs/clinic_logos_by_region/03_ภาคเหนือ,/Users/chamacbook/Desktop/KNA/dep/outputs/clinic_logos_by_region/03_ภาคเหนือ/007_row11_TEST,11,TEST,นครสวรรค์,เมืองนครสวรรค์,0832173666,logo.png
ภาคเหนือ,/Users/chamacbook/Desktop/KNA/dep/outputs/clinic_logos_by_region/03_ภาคเหนือ,/Users/chamacbook/Desktop/KNA/dep/outputs/clinic_logos_by_region/03_ภาคเหนือ/008_row12_ด็อกเตอร์กู๊ดคลินิกเวชกรรม,12,ด็อกเตอร์กู๊ดคลินิกเวชกรรม,นครสวรรค์,เมืองนครสวรรค์,0882821403,logo.png
ภาคเหนือ,/Users/chamacbook/Desktop/KNA/dep/outputs/clinic_logos_by_region/03_ภาคเหนือ,/Users/chamacbook/Desktop/KNA/dep/outputs/clinic_logos_by_region/03_ภาคเหนือ/009_row13_Dr. OH clinic,13,Dr. OH clinic,น่าน,เมืองน่าน,0942951616,logo.png
ภาคเหนือ,/Users/chamacbook/Desktop/KNA/dep/outputs/clinic_logos_by_region/03_ภาคเหนือ,/Users/chamacbook/Desktop/KNA/dep/outputs/clinic_logos_by_region/03_ภาคเหนือ/010_row14_พญ.วริยา ใจญาณ,14,พญ.วริยา ใจญาณ,พะเยา,ดอกคำใต้,0631217892,logo.png
ภาคเหนือ,/Users/chamacbook/Desktop/KNA/dep/outputs/clinic_logos_by_region/03_ภาคเหนือ,/Users/chamacbook/Desktop/KNA/dep/outputs/clinic_logos_by_region/03_ภาคเหนือ/011_row15_Silinda Clinic,15,Silinda Clinic,พะเยา,เมืองพะเยา,0839426597,logo.png
ภาคเหนือ,/Users/chamacbook/Desktop/KNA/dep/outputs/clinic_logos_by_region/03_ภาคเหนือ,/Users/chamacbook/Desktop/KNA/dep/outputs/clinic_logos_by_region/03_ภาคเหนือ/012_row16_นิสาการแพทย์,16,นิสาการแพทย์,พิจิตร,บางมูลนาก,0848156442,logo.png
ภาคเหนือ,/Users/chamacbook/Desktop/KNA/dep/outputs/clinic_logos_by_region/03_ภาคเหนือ,/Users/chamacbook/Desktop/KNA/dep/outputs/clinic_logos_by_region/03_ภาคเหนือ/013_row17_นพ.ชัยชนะ เลี้ยงกอสกุล Bangkok Clinic,17,นพ.ชัยชนะ เลี้ยงกอสกุล Bangkok Clinic,พิจิตร,เมืองพิจิตร,0809904555,logo.png
ภาคเหนือ,/Users/chamacbook/Desktop/KNA/dep/outputs/clinic_logos_by_region/03_ภาคเหนือ,/Users/chamacbook/Desktop/KNA/dep/outputs/clinic_logos_by_region/03_ภาคเหนือ/014_row18_นาย มนัญชัย ปรีดานนท์,18,นาย มนัญชัย ปรีดานนท์,พิจิตร,เมืองพิจิตร,0891932727,logo.png
ภาคเหนือ,/Users/chamacbook/Desktop/KNA/dep/outputs/clinic_logos_by_region/03_ภาคเหนือ,/Users/chamacbook/Desktop/KNA/dep/outputs/clinic_logos_by_region/03_ภาคเหนือ/015_row19_โบยัง คลินิก,19,โบยัง คลินิก,พิจิตร,เมืองพิจิตร,0891932727,logo.png
ภาคเหนือ,/Users/chamacbook/Desktop/KNA/dep/outputs/clinic_logos_by_region/03_ภาคเหนือ,/Users/chamacbook/Desktop/KNA/dep/outputs/clinic_logos_by_region/03_ภาคเหนือ/016_row20_Be Sisters Clinic,20,Be Sisters Clinic,พิษณุโลก,เมืองพิษณุโลก,0942249692,logo.png
ภาคเหนือ,/Users/chamacbook/Desktop/KNA/dep/outputs/clinic_logos_by_region/03_ภาคเหนือ,/Users/chamacbook/Desktop/KNA/dep/outputs/clinic_logos_by_region/03_ภาคเหนือ/017_row21_The Seoul Clinic,21,The Seoul Clinic,พิษณุโลก,เมืองพิษณุโลก,0985546466,logo.png
ภาคเหนือ,/Users/chamacbook/Desktop/KNA/dep/outputs/clinic_logos_by_region/03_ภาคเหนือ,/Users/chamacbook/Desktop/KNA/dep/outputs/clinic_logos_by_region/03_ภาคเหนือ/018_row22_บริษัท รีจู คลินิก จํากัด,22,บริษัท รีจู คลินิก จำกัด,พิษณุโลก,เมืองพิษณุโลก,0945629535,logo.png
ภาคเหนือ,/Users/chamacbook/Desktop/KNA/dep/outputs/clinic_logos_by_region/03_ภาคเหนือ,/Users/chamacbook/Desktop/KNA/dep/outputs/clinic_logos_by_region/03_ภาคเหนือ/019_row23_บริษัท เอสเธติก สเปซ จํากัด (Absolute clinic by Dr.tan),23,บริษัท เอสเธติก สเปซ จำกัด (Absolute clinic by Dr.tan),พิษณุโลก,เมืองพิษณุโลก,0996142463,logo.png
ภาคเหนือ,/Users/chamacbook/Desktop/KNA/dep/outputs/clinic_logos_by_region/03_ภาคเหนือ,/Users/chamacbook/Desktop/KNA/dep/outputs/clinic_logos_by_region/03_ภาคเหนือ/020_row24_พญ.ชุติกาญจน์ สิงห์ลอ,24,พญ.ชุติกาญจน์ สิงห์ลอ,พิษณุโลก,เมืองพิษณุโลก,092224655,logo.png
ภาคเหนือ,/Users/chamacbook/Desktop/KNA/dep/outputs/clinic_logos_by_region/03_ภาคเหนือ,/Users/chamacbook/Desktop/KNA/dep/outputs/clinic_logos_by_region/03_ภาคเหนือ/021_row25_The Ultimate Clinic,25,The Ultimate Clinic,ลำปาง,เมืองลำปาง,0918534170,logo.png
ภาคเหนือ,/Users/chamacbook/Desktop/KNA/dep/outputs/clinic_logos_by_region/03_ภาคเหนือ,/Users/chamacbook/Desktop/KNA/dep/outputs/clinic_logos_by_region/03_ภาคเหนือ/022_row26_Marsha Clinic สาขาเชียงราย,26,Marsha Clinic สาขาเชียงราย,เชียงราย,เมืองเชียงราย,0811799636,logo.png
ภาคเหนือ,/Users/chamacbook/Desktop/KNA/dep/outputs/clinic_logos_by_region/03_ภาคเหนือ,/Users/chamacbook/Desktop/KNA/dep/outputs/clinic_logos_by_region/03_ภาคเหนือ/023_row27_บริษัท ด็อกเตอร์หยง จํากัด (Doctor Yong Clinic),27,บริษัท ด็อกเตอร์หยง จำกัด (Doctor Yong Clinic),เชียงราย,เมืองเชียงราย,053-600073,logo.png
ภาคเหนือ,/Users/chamacbook/Desktop/KNA/dep/outputs/clinic_logos_by_region/03_ภาคเหนือ,/Users/chamacbook/Desktop/KNA/dep/outputs/clinic_logos_by_region/03_ภาคเหนือ/024_row28_พญ. วันเพ็ญ ก่ําแก้ว,28,พญ. วันเพ็ญ ก่ำแก้ว,เชียงราย,เมืองเชียงราย,0861859311,logo.png
ภาคเหนือ,/Users/chamacbook/Desktop/KNA/dep/outputs/clinic_logos_by_region/03_ภาคเหนือ,"/Users/chamacbook/Desktop/KNA/dep/outputs/clinic_logos_by_region/03_ภาคเหนือ/025_row29_NITCHA WONGSAWAN, MD",29,"NITCHA WONGSAWAN, MD",เชียงใหม่,สันทราย,0928506565,logo.png
ภาคเหนือ,/Users/chamacbook/Desktop/KNA/dep/outputs/clinic_logos_by_region/03_ภาคเหนือ,/Users/chamacbook/Desktop/KNA/dep/outputs/clinic_logos_by_region/03_ภาคเหนือ/026_row30_Nicha Clinic,30,Nicha Clinic,เชียงใหม่,สันทราย,0928506565,logo.png
ภาคเหนือ,/Users/chamacbook/Desktop/KNA/dep/outputs/clinic_logos_by_region/03_ภาคเหนือ,/Users/chamacbook/Desktop/KNA/dep/outputs/clinic_logos_by_region/03_ภาคเหนือ/027_row31_บีเอสท์ คลินิก,31,บีเอสท์ คลินิก,เชียงใหม่,สันทราย,0942434433,logo.png
ภาคเหนือ,/Users/chamacbook/Desktop/KNA/dep/outputs/clinic_logos_by_region/03_ภาคเหนือ,/Users/chamacbook/Desktop/KNA/dep/outputs/clinic_logos_by_region/03_ภาคเหนือ/028_row32_COCO Clinic,32,COCO Clinic,เชียงใหม่,หางดง,0827755858,logo.png
ภาคเหนือ,/Users/chamacbook/Desktop/KNA/dep/outputs/clinic_logos_by_region/03_ภาคเหนือ,/Users/chamacbook/Desktop/KNA/dep/outputs/clinic_logos_by_region/03_ภาคเหนือ/029_row33_Dr. Jun Clinic,33,Dr. Jun Clinic,เชียงใหม่,หางดง,0840427654,logo.png
ภาคเหนือ,/Users/chamacbook/Desktop/KNA/dep/outputs/clinic_logos_by_region/03_ภาคเหนือ,/Users/chamacbook/Desktop/KNA/dep/outputs/clinic_logos_by_region/03_ภาคเหนือ/030_row34_ดอกเตอร์จุนคลินิก,34,ดอกเตอร์จุนคลินิก,เชียงใหม่,หางดง,080-586549,logo.png
ภาคเหนือ,/Users/chamacbook/Desktop/KNA/dep/outputs/clinic_logos_by_region/03_ภาคเหนือ,/Users/chamacbook/Desktop/KNA/dep/outputs/clinic_logos_by_region/03_ภาคเหนือ/031_row35_Anya Clinic,35,Anya Clinic,เชียงใหม่,เมืองเชียงใหม่,0661165956,logo.png
ภาคเหนือ,/Users/chamacbook/Desktop/KNA/dep/outputs/clinic_logos_by_region/03_ภาคเหนือ,/Users/chamacbook/Desktop/KNA/dep/outputs/clinic_logos_by_region/03_ภาคเหนือ/032_row36_Bella Clinic,36,Bella Clinic,เชียงใหม่,เมืองเชียงใหม่,052002315,logo.png
ภาคเหนือ,/Users/chamacbook/Desktop/KNA/dep/outputs/clinic_logos_by_region/03_ภาคเหนือ,/Users/chamacbook/Desktop/KNA/dep/outputs/clinic_logos_by_region/03_ภาคเหนือ/033_row37_CHAE-WON CLINIC,37,CHAE-WON CLINIC,เชียงใหม่,เมืองเชียงใหม่,0947252929,logo.png
ภาคเหนือ,/Users/chamacbook/Desktop/KNA/dep/outputs/clinic_logos_by_region/03_ภาคเหนือ,/Users/chamacbook/Desktop/KNA/dep/outputs/clinic_logos_by_region/03_ภาคเหนือ/034_row38_DR.BELL CLINIC,38,DR.BELL CLINIC,เชียงใหม่,เมืองเชียงใหม่,0804409219,logo.png
ภาคเหนือ,/Users/chamacbook/Desktop/KNA/dep/outputs/clinic_logos_by_region/03_ภาคเหนือ,/Users/chamacbook/Desktop/KNA/dep/outputs/clinic_logos_by_region/03_ภาคเหนือ/035_row39_Dr.Mo Clinic,39,Dr.Mo Clinic,เชียงใหม่,เมืองเชียงใหม่,0992639289,logo.png
ภาคเหนือ,/Users/chamacbook/Desktop/KNA/dep/outputs/clinic_logos_by_region/03_ภาคเหนือ,/Users/chamacbook/Desktop/KNA/dep/outputs/clinic_logos_by_region/03_ภาคเหนือ/036_row40_Dr.Mo Clinic,40,Dr.Mo Clinic,เชียงใหม่,เมืองเชียงใหม่,0992639289,logo.png
ภาคเหนือ,/Users/chamacbook/Desktop/KNA/dep/outputs/clinic_logos_by_region/03_ภาคเหนือ,/Users/chamacbook/Desktop/KNA/dep/outputs/clinic_logos_by_region/03_ภาคเหนือ/037_row41_Facetime Clinic,41,Facetime Clinic,เชียงใหม่,เมืองเชียงใหม่,0918595158,logo.png
ภาคเหนือ,/Users/chamacbook/Desktop/KNA/dep/outputs/clinic_logos_by_region/03_ภาคเหนือ,/Users/chamacbook/Desktop/KNA/dep/outputs/clinic_logos_by_region/03_ภาคเหนือ/038_row42_Facetime clinic,42,Facetime clinic,เชียงใหม่,เมืองเชียงใหม่,0918595158,logo.png
ภาคเหนือ,/Users/chamacbook/Desktop/KNA/dep/outputs/clinic_logos_by_region/03_ภาคเหนือ,/Users/chamacbook/Desktop/KNA/dep/outputs/clinic_logos_by_region/03_ภาคเหนือ/039_row43_INTO YOU CLINIC,43,INTO YOU CLINIC,เชียงใหม่,เมืองเชียงใหม่,0951962644,logo.png
ภาคเหนือ,/Users/chamacbook/Desktop/KNA/dep/outputs/clinic_logos_by_region/03_ภาคเหนือ,/Users/chamacbook/Desktop/KNA/dep/outputs/clinic_logos_by_region/03_ภาคเหนือ/040_row44_KAY CLINIC By Dr.Bell,44,KAY CLINIC By Dr.Bell,เชียงใหม่,เมืองเชียงใหม่,0658088877,logo.png
ภาคเหนือ,/Users/chamacbook/Desktop/KNA/dep/outputs/clinic_logos_by_region/03_ภาคเหนือ,/Users/chamacbook/Desktop/KNA/dep/outputs/clinic_logos_by_region/03_ภาคเหนือ/041_row45_Lumina clinic,45,Lumina clinic,เชียงใหม่,เมืองเชียงใหม่,0928239499,logo.png
ภาคเหนือ,/Users/chamacbook/Desktop/KNA/dep/outputs/clinic_logos_by_region/03_ภาคเหนือ,/Users/chamacbook/Desktop/KNA/dep/outputs/clinic_logos_by_region/03_ภาคเหนือ/042_row46_MI-A CLINIC,46,MI-A CLINIC,เชียงใหม่,เมืองเชียงใหม่,0825426241,logo.png
ภาคเหนือ,/Users/chamacbook/Desktop/KNA/dep/outputs/clinic_logos_by_region/03_ภาคเหนือ,/Users/chamacbook/Desktop/KNA/dep/outputs/clinic_logos_by_region/03_ภาคเหนือ/043_row47_Machita Clinic,47,Machita Clinic,เชียงใหม่,เมืองเชียงใหม่,052014798,logo.png
ภาคเหนือ,/Users/chamacbook/Desktop/KNA/dep/outputs/clinic_logos_by_region/03_ภาคเหนือ,/Users/chamacbook/Desktop/KNA/dep/outputs/clinic_logos_by_region/03_ภาคเหนือ/044_row48_Mor Trust Clinic,48,Mor Trust Clinic,เชียงใหม่,เมืองเชียงใหม่,0805087887,logo.png
ภาคเหนือ,/Users/chamacbook/Desktop/KNA/dep/outputs/clinic_logos_by_region/03_ภาคเหนือ,/Users/chamacbook/Desktop/KNA/dep/outputs/clinic_logos_by_region/03_ภาคเหนือ/045_row49_Serene clinic,49,Serene clinic,เชียงใหม่,เมืองเชียงใหม่,0929154412,logo.png
ภาคเหนือ,/Users/chamacbook/Desktop/KNA/dep/outputs/clinic_logos_by_region/03_ภาคเหนือ,/Users/chamacbook/Desktop/KNA/dep/outputs/clinic_logos_by_region/03_ภาคเหนือ/046_row50_Sher Signature Clinic,50,Sher Signature Clinic,เชียงใหม่,เมืองเชียงใหม่,0864426415,logo.png
ภาคเหนือ,/Users/chamacbook/Desktop/KNA/dep/outputs/clinic_logos_by_region/03_ภาคเหนือ,/Users/chamacbook/Desktop/KNA/dep/outputs/clinic_logos_by_region/03_ภาคเหนือ/047_row51_Sher signature Clinic,51,Sher signature Clinic,เชียงใหม่,เมืองเชียงใหม่,0985092462,logo.png
ภาคเหนือ,/Users/chamacbook/Desktop/KNA/dep/outputs/clinic_logos_by_region/03_ภาคเหนือ,/Users/chamacbook/Desktop/KNA/dep/outputs/clinic_logos_by_region/03_ภาคเหนือ/048_row52_Skin dream clinic,52,Skin dream clinic,เชียงใหม่,เมืองเชียงใหม่,0911419515,logo.png
ภาคเหนือ,/Users/chamacbook/Desktop/KNA/dep/outputs/clinic_logos_by_region/03_ภาคเหนือ,/Users/chamacbook/Desktop/KNA/dep/outputs/clinic_logos_by_region/03_ภาคเหนือ/049_row53_Sym Clinic,53,Sym Clinic,เชียงใหม่,เมืองเชียงใหม่,0653524296,logo.png
ภาคเหนือ,/Users/chamacbook/Desktop/KNA/dep/outputs/clinic_logos_by_region/03_ภาคเหนือ,/Users/chamacbook/Desktop/KNA/dep/outputs/clinic_logos_by_region/03_ภาคเหนือ/050_row54_Sym clinic,54,Sym clinic,เชียงใหม่,เมืองเชียงใหม่,0653524296,logo.png
ภาคเหนือ,/Users/chamacbook/Desktop/KNA/dep/outputs/clinic_logos_by_region/03_ภาคเหนือ,/Users/chamacbook/Desktop/KNA/dep/outputs/clinic_logos_by_region/03_ภาคเหนือ/051_row55_The Cara Clinic,55,The Cara Clinic,เชียงใหม่,เมืองเชียงใหม่,063-083895,logo.png
ภาคเหนือ,/Users/chamacbook/Desktop/KNA/dep/outputs/clinic_logos_by_region/03_ภาคเหนือ,/Users/chamacbook/Desktop/KNA/dep/outputs/clinic_logos_by_region/03_ภาคเหนือ/052_row56_The Enrich Clinic,56,The Enrich Clinic,เชียงใหม่,เมืองเชียงใหม่,0956355636,logo.png
ภาคเหนือ,/Users/chamacbook/Desktop/KNA/dep/outputs/clinic_logos_by_region/03_ภาคเหนือ,/Users/chamacbook/Desktop/KNA/dep/outputs/clinic_logos_by_region/03_ภาคเหนือ/053_row57_The Niche Clinic,57,The Niche Clinic,เชียงใหม่,เมืองเชียงใหม่,0868033856,logo.png
ภาคเหนือ,/Users/chamacbook/Desktop/KNA/dep/outputs/clinic_logos_by_region/03_ภาคเหนือ,/Users/chamacbook/Desktop/KNA/dep/outputs/clinic_logos_by_region/03_ภาคเหนือ/054_row58_นพ.วิบูรย์พงศ์ วรนิษฐาธร,58,นพ.วิบูรย์พงศ์ วรนิษฐาธร,เชียงใหม่,เมืองเชียงใหม่,0635254514,logo.png
ภาคเหนือ,/Users/chamacbook/Desktop/KNA/dep/outputs/clinic_logos_by_region/03_ภาคเหนือ,/Users/chamacbook/Desktop/KNA/dep/outputs/clinic_logos_by_region/03_ภาคเหนือ/055_row59_นารดาคลินิกเวชกรรม,59,นารดาคลินิกเวชกรรม,เชียงใหม่,เมืองเชียงใหม่,053215447,logo.png
ภาคเหนือ,/Users/chamacbook/Desktop/KNA/dep/outputs/clinic_logos_by_region/03_ภาคเหนือ,/Users/chamacbook/Desktop/KNA/dep/outputs/clinic_logos_by_region/03_ภาคเหนือ/056_row60_บริษัท ซิมคลินิกกรุ้ป จํากัด,60,บริษัท ซิมคลินิกกรุ้ป จำกัด,เชียงใหม่,เมืองเชียงใหม่,0653524296,logo.png
ภาคเหนือ,/Users/chamacbook/Desktop/KNA/dep/outputs/clinic_logos_by_region/03_ภาคเหนือ,/Users/chamacbook/Desktop/KNA/dep/outputs/clinic_logos_by_region/03_ภาคเหนือ/057_row61_บริษัท มีอา คลินิก จํากัด (Mi-A Clinic),61,บริษัท มีอา คลินิก จำกัด (Mi-A Clinic),เชียงใหม่,เมืองเชียงใหม่,0825426241,logo.png
ภาคเหนือ,/Users/chamacbook/Desktop/KNA/dep/outputs/clinic_logos_by_region/03_ภาคเหนือ,/Users/chamacbook/Desktop/KNA/dep/outputs/clinic_logos_by_region/03_ภาคเหนือ/058_row62_บริษัท อีเดนมั่งคั่ง จํากัด,62,บริษัท อีเดนมั่งคั่ง จำกัด,เชียงใหม่,เมืองเชียงใหม่,0996236245,logo.png
ภาคเหนือ,/Users/chamacbook/Desktop/KNA/dep/outputs/clinic_logos_by_region/03_ภาคเหนือ,/Users/chamacbook/Desktop/KNA/dep/outputs/clinic_logos_by_region/03_ภาคเหนือ/059_row63_บริษัท อีเดนมั่งคั่ง จํากัด,63,บริษัท อีเดนมั่งคั่ง จำกัด,เชียงใหม่,เมืองเชียงใหม่,0889565655,logo.png
ภาคเหนือ,/Users/chamacbook/Desktop/KNA/dep/outputs/clinic_logos_by_region/03_ภาคเหนือ,/Users/chamacbook/Desktop/KNA/dep/outputs/clinic_logos_by_region/03_ภาคเหนือ/060_row64_สกิน ดรีม คลินิก (Skin Dream Clinic),64,สกิน ดรีม คลินิก (Skin Dream Clinic),เชียงใหม่,เมืองเชียงใหม่,0911419515,logo.png
ภาคเหนือ,/Users/chamacbook/Desktop/KNA/dep/outputs/clinic_logos_by_region/03_ภาคเหนือ,/Users/chamacbook/Desktop/KNA/dep/outputs/clinic_logos_by_region/03_ภาคเหนือ/061_row65_แชวอน คลินิก,65,แชวอน คลินิก,เชียงใหม่,เมืองเชียงใหม่,0866709900,logo.png
ภาคเหนือ,/Users/chamacbook/Desktop/KNA/dep/outputs/clinic_logos_by_region/03_ภาคเหนือ,/Users/chamacbook/Desktop/KNA/dep/outputs/clinic_logos_by_region/03_ภาคเหนือ/062_row66_Eternity Clinic,66,Eternity Clinic,เพชรบูรณ์,เมืองเพชรบูรณ์,0813536440,logo.png
ภาคเหนือ,/Users/chamacbook/Desktop/KNA/dep/outputs/clinic_logos_by_region/03_ภาคเหนือ,/Users/chamacbook/Desktop/KNA/dep/outputs/clinic_logos_by_region/03_ภาคเหนือ/063_row67_คลินิกเเพทย์หญิงนุจรี Nutjaree Aesthetic Clinic,67,คลินิกเเพทย์หญิงนุจรี Nutjaree Aesthetic Clinic,เพชรบูรณ์,เมืองเพชรบูรณ์,0955081862,logo.png
ภาคเหนือ,/Users/chamacbook/Desktop/KNA/dep/outputs/clinic_logos_by_region/03_ภาคเหนือ,/Users/chamacbook/Desktop/KNA/dep/outputs/clinic_logos_by_region/03_ภาคเหนือ/064_row68_เพชรบูรณ์คลินิก,68,เพชรบูรณ์คลินิก,เพชรบูรณ์,เมืองเพชรบูรณ์,056-743590,logo.png
ภาคเหนือ,/Users/chamacbook/Desktop/KNA/dep/outputs/clinic_logos_by_region/03_ภาคเหนือ,/Users/chamacbook/Desktop/KNA/dep/outputs/clinic_logos_by_region/03_ภาคเหนือ/065_row69_พญ.อภิชญา พลบุญ,69,พญ.อภิชญา พลบุญ,แพร่,เมืองแพร่,0949424419,logo.png
ภาคอีสาน,/Users/chamacbook/Desktop/KNA/dep/outputs/clinic_logos_by_region/04_ภาคอีสาน,/Users/chamacbook/Desktop/KNA/dep/outputs/clinic_logos_by_region/04_ภาคอีสาน/001_row5_คลินิกหมอนุก,5,คลินิกหมอนุก,ชัยภูมิ,เมืองชัยภูมิ,0972951997,logo.png
ภาคอีสาน,/Users/chamacbook/Desktop/KNA/dep/outputs/clinic_logos_by_region/04_ภาคอีสาน,/Users/chamacbook/Desktop/KNA/dep/outputs/clinic_logos_by_region/04_ภาคอีสาน/002_row6_ซอนมุลคลินิกเวชกรรม,6,ซอนมุลคลินิกเวชกรรม,อุดรธานี,เมืองอุดรธานี,061-257-79,logo.png
ภาคอีสาน,/Users/chamacbook/Desktop/KNA/dep/outputs/clinic_logos_by_region/04_ภาคอีสาน,/Users/chamacbook/Desktop/KNA/dep/outputs/clinic_logos_by_region/04_ภาคอีสาน/003_row7_ด๊อกเตอร์เทพคลินิก,7,ด๊อกเตอร์เทพคลินิก,มหาสารคาม,เมืองมหาสารคาม,093-524-38,logo.png
ภาคอีสาน,/Users/chamacbook/Desktop/KNA/dep/outputs/clinic_logos_by_region/04_ภาคอีสาน,/Users/chamacbook/Desktop/KNA/dep/outputs/clinic_logos_by_region/04_ภาคอีสาน/004_row8_เดอะซิสเตอร์คลินิก,8,เดอะซิสเตอร์คลินิก,ร้อยเอ็ด,v,0644652020,logo.png
ภาคอีสาน,/Users/chamacbook/Desktop/KNA/dep/outputs/clinic_logos_by_region/04_ภาคอีสาน,/Users/chamacbook/Desktop/KNA/dep/outputs/clinic_logos_by_region/04_ภาคอีสาน/005_row9_เดอะวัน คลินิกเวชกรรม,9,เดอะวัน คลินิกเวชกรรม,หนองคาย,เมืองหนองคาย,0833556799,logo.png
ภาคอีสาน,/Users/chamacbook/Desktop/KNA/dep/outputs/clinic_logos_by_region/04_ภาคอีสาน,/Users/chamacbook/Desktop/KNA/dep/outputs/clinic_logos_by_region/04_ภาคอีสาน/006_row10_นายแพทย์เจนวิทย์ พุทสีเสน,10,นายแพทย์เจนวิทย์ พุทสีเสน,อุดรธานี,เมืองอุดรธานี,0649932356,logo.png
ภาคอีสาน,/Users/chamacbook/Desktop/KNA/dep/outputs/clinic_logos_by_region/04_ภาคอีสาน,/Users/chamacbook/Desktop/KNA/dep/outputs/clinic_logos_by_region/04_ภาคอีสาน/007_row11_ไรส์คลินิกเวชกรรม,11,ไรส์คลินิกเวชกรรม,สุรินทร์,เมืองสุรินทร์,0645656454,logo.png
ภาคอีสาน,/Users/chamacbook/Desktop/KNA/dep/outputs/clinic_logos_by_region/04_ภาคอีสาน,/Users/chamacbook/Desktop/KNA/dep/outputs/clinic_logos_by_region/04_ภาคอีสาน/008_row12_วอนด์วูด คลินิก,12,วอนด์วูด คลินิก,นครราชสีมา,โชคชัย,0628676515,logo.png
ภาคอีสาน,/Users/chamacbook/Desktop/KNA/dep/outputs/clinic_logos_by_region/04_ภาคอีสาน,/Users/chamacbook/Desktop/KNA/dep/outputs/clinic_logos_by_region/04_ภาคอีสาน/009_row13_สหคลินิกบ้านคุรหมอ,13,สหคลินิกบ้านคุรหมอ,ร้อยเอ็ด,เมืองร้อยเอ็ด,0625155909,logo.png
ภาคอีสาน,/Users/chamacbook/Desktop/KNA/dep/outputs/clinic_logos_by_region/04_ภาคอีสาน,/Users/chamacbook/Desktop/KNA/dep/outputs/clinic_logos_by_region/04_ภาคอีสาน/010_row14_สีขาว Clinic,14,สีขาว Clinic,นครราชสีมา,เมืองนครราชสีมา,0641193335,logo.png
ภาคอีสาน,/Users/chamacbook/Desktop/KNA/dep/outputs/clinic_logos_by_region/04_ภาคอีสาน,/Users/chamacbook/Desktop/KNA/dep/outputs/clinic_logos_by_region/04_ภาคอีสาน/011_row15_Aliin clinic,15,Aliin clinic,นครราชสีมา,ปากช่อง,0914710085,logo.png
ภาคอีสาน,/Users/chamacbook/Desktop/KNA/dep/outputs/clinic_logos_by_region/04_ภาคอีสาน,/Users/chamacbook/Desktop/KNA/dep/outputs/clinic_logos_by_region/04_ภาคอีสาน/012_row16_A Peach Clinic,16,A Peach Clinic,อุดรธานี,เมืองอุดรธานี,0959656694,logo.png
ภาคอีสาน,/Users/chamacbook/Desktop/KNA/dep/outputs/clinic_logos_by_region/04_ภาคอีสาน,/Users/chamacbook/Desktop/KNA/dep/outputs/clinic_logos_by_region/04_ภาคอีสาน/013_row17_Athit Clinic,17,Athit Clinic,นครราชสีมา,เมืองนครราชสีมา,094-546369,logo.png
ภาคอีสาน,/Users/chamacbook/Desktop/KNA/dep/outputs/clinic_logos_by_region/04_ภาคอีสาน,/Users/chamacbook/Desktop/KNA/dep/outputs/clinic_logos_by_region/04_ภาคอีสาน/014_row18_Baankhunmor Clinic,18,Baankhunmor Clinic,นครราชสีมา,เมืองนครราชสีมา,0804909445,logo.png
ภาคอีสาน,/Users/chamacbook/Desktop/KNA/dep/outputs/clinic_logos_by_region/04_ภาคอีสาน,/Users/chamacbook/Desktop/KNA/dep/outputs/clinic_logos_by_region/04_ภาคอีสาน/015_row19_Bebeface Clinic,19,Bebeface Clinic,สุรินทร์,เมืองสุรินทร์,0625922958,logo.png
ภาคอีสาน,/Users/chamacbook/Desktop/KNA/dep/outputs/clinic_logos_by_region/04_ภาคอีสาน,/Users/chamacbook/Desktop/KNA/dep/outputs/clinic_logos_by_region/04_ภาคอีสาน/016_row20_Century Plus Clinic,20,Century Plus Clinic,ร้อยเอ็ด,เมืองร้อยเอ็ด,080-959-59,logo.png
ภาคอีสาน,/Users/chamacbook/Desktop/KNA/dep/outputs/clinic_logos_by_region/04_ภาคอีสาน,/Users/chamacbook/Desktop/KNA/dep/outputs/clinic_logos_by_region/04_ภาคอีสาน/017_row21_Claire wellness clinic,21,Claire wellness clinic,นครราชสีมา,เมืองนครราชสีมา,0644141929,logo.png
ภาคอีสาน,/Users/chamacbook/Desktop/KNA/dep/outputs/clinic_logos_by_region/04_ภาคอีสาน,/Users/chamacbook/Desktop/KNA/dep/outputs/clinic_logos_by_region/04_ภาคอีสาน/018_row22_Doctor B Clinic,22,Doctor B Clinic,บุรีรัมย์,นางรอง,0629796654,logo.png
ภาคอีสาน,/Users/chamacbook/Desktop/KNA/dep/outputs/clinic_logos_by_region/04_ภาคอีสาน,/Users/chamacbook/Desktop/KNA/dep/outputs/clinic_logos_by_region/04_ภาคอีสาน/019_row23_Dr.Big Clinic,23,Dr.Big Clinic,นครราชสีมา,เมืองนครราชสีมา,0986539889,logo.png
ภาคอีสาน,/Users/chamacbook/Desktop/KNA/dep/outputs/clinic_logos_by_region/04_ภาคอีสาน,/Users/chamacbook/Desktop/KNA/dep/outputs/clinic_logos_by_region/04_ภาคอีสาน/020_row24_Dr.Som Clinic,24,Dr.Som Clinic,นครราชสีมา,เมืองนครราชสีมา,0945199466,logo.png
ภาคอีสาน,/Users/chamacbook/Desktop/KNA/dep/outputs/clinic_logos_by_region/04_ภาคอีสาน,/Users/chamacbook/Desktop/KNA/dep/outputs/clinic_logos_by_region/04_ภาคอีสาน/021_row25_Genzkin Clinic,25,Genzkin Clinic,นครพนม,เมืองนครพนม,0855692456,logo.png
ภาคอีสาน,/Users/chamacbook/Desktop/KNA/dep/outputs/clinic_logos_by_region/04_ภาคอีสาน,/Users/chamacbook/Desktop/KNA/dep/outputs/clinic_logos_by_region/04_ภาคอีสาน/022_row26_Have a good Clinic,26,Have a good Clinic,นครราชสีมา,เมืองนครราชสีมา,0885958445,logo.png
ภาคอีสาน,/Users/chamacbook/Desktop/KNA/dep/outputs/clinic_logos_by_region/04_ภาคอีสาน,/Users/chamacbook/Desktop/KNA/dep/outputs/clinic_logos_by_region/04_ภาคอีสาน/023_row27_Ivory Clinic,27,Ivory Clinic,อุดรธานี,เมืองอุดรธานี,0910572434,logo.png
ภาคอีสาน,/Users/chamacbook/Desktop/KNA/dep/outputs/clinic_logos_by_region/04_ภาคอีสาน,/Users/chamacbook/Desktop/KNA/dep/outputs/clinic_logos_by_region/04_ภาคอีสาน/024_row28_IVORY Clinic คลินิกเวชกรรม อุดรธานี ไอวอรี่คลินิก (โครงการไพรม์สแควร์),28,IVORY Clinic คลินิกเวชกรรม อุดรธานี ไอวอรี่คลินิก (โครงการไพรม์สแควร์),อุดรธานี,เมืองอุดรธานี,0926088732,logo.png
ภาคอีสาน,/Users/chamacbook/Desktop/KNA/dep/outputs/clinic_logos_by_region/04_ภาคอีสาน,/Users/chamacbook/Desktop/KNA/dep/outputs/clinic_logos_by_region/04_ภาคอีสาน/025_row29_Jessica Clinic,29,Jessica Clinic,อุบลราชธานี,เมืองอุบลราชธานี,0922693624,logo.png
ภาคอีสาน,/Users/chamacbook/Desktop/KNA/dep/outputs/clinic_logos_by_region/04_ภาคอีสาน,/Users/chamacbook/Desktop/KNA/dep/outputs/clinic_logos_by_region/04_ภาคอีสาน/026_row30_Keep Clinic,30,Keep Clinic,นครราชสีมา,เมืองนครราชสีมา,0619249795,logo.png
ภาคอีสาน,/Users/chamacbook/Desktop/KNA/dep/outputs/clinic_logos_by_region/04_ภาคอีสาน,/Users/chamacbook/Desktop/KNA/dep/outputs/clinic_logos_by_region/04_ภาคอีสาน/027_row31_Krista Clinic,31,Krista Clinic,ขอนแก่น,เมืองขอนแก่น,0875682922,logo.png
ภาคอีสาน,/Users/chamacbook/Desktop/KNA/dep/outputs/clinic_logos_by_region/04_ภาคอีสาน,/Users/chamacbook/Desktop/KNA/dep/outputs/clinic_logos_by_region/04_ภาคอีสาน/028_row32_MhorJik Clinic,32,MhorJik Clinic,นครราชสีมา,เมืองนครราชสีมา,0626429415,logo.png
ภาคอีสาน,/Users/chamacbook/Desktop/KNA/dep/outputs/clinic_logos_by_region/04_ภาคอีสาน,/Users/chamacbook/Desktop/KNA/dep/outputs/clinic_logos_by_region/04_ภาคอีสาน/029_row33_Monchai Clinic,33,Monchai Clinic,สุรินทร์,เมืองสุรินทร์,0952964569,logo.png
ภาคอีสาน,/Users/chamacbook/Desktop/KNA/dep/outputs/clinic_logos_by_region/04_ภาคอีสาน,/Users/chamacbook/Desktop/KNA/dep/outputs/clinic_logos_by_region/04_ภาคอีสาน/030_row34_Nutchiko Clinic,34,Nutchiko Clinic,อุบลราชธานี,เมืองอุบลราชธานี,0866503003,logo.png
ภาคอีสาน,/Users/chamacbook/Desktop/KNA/dep/outputs/clinic_logos_by_region/04_ภาคอีสาน,/Users/chamacbook/Desktop/KNA/dep/outputs/clinic_logos_by_region/04_ภาคอีสาน/031_row35_Nutchiko Clinic นัทชิโกะ คลินิค,35,Nutchiko Clinic นัทชิโกะ คลินิค,อุบลราชธานี,เมืองอุบลราชธานี,0866503003,logo.png
ภาคอีสาน,/Users/chamacbook/Desktop/KNA/dep/outputs/clinic_logos_by_region/04_ภาคอีสาน,/Users/chamacbook/Desktop/KNA/dep/outputs/clinic_logos_by_region/04_ภาคอีสาน/032_row36_Onewan Clinic,36,Onewan Clinic,บุรีรัมย์,เมืองบุรีรัมย์,0881323215,logo.png
ภาคอีสาน,/Users/chamacbook/Desktop/KNA/dep/outputs/clinic_logos_by_region/04_ภาคอีสาน,/Users/chamacbook/Desktop/KNA/dep/outputs/clinic_logos_by_region/04_ภาคอีสาน/033_row37_Parnsiri Clinic,37,Parnsiri Clinic,นครราชสีมา,เมืองนครราชสีมา,0644262459,logo.png
ภาคอีสาน,/Users/chamacbook/Desktop/KNA/dep/outputs/clinic_logos_by_region/04_ภาคอีสาน,/Users/chamacbook/Desktop/KNA/dep/outputs/clinic_logos_by_region/04_ภาคอีสาน/034_row38_Peach Care Clinic,38,Peach Care Clinic,ร้อยเอ็ด,จตุรพักตรพิมาน,0637618555,logo.png
ภาคอีสาน,/Users/chamacbook/Desktop/KNA/dep/outputs/clinic_logos_by_region/04_ภาคอีสาน,/Users/chamacbook/Desktop/KNA/dep/outputs/clinic_logos_by_region/04_ภาคอีสาน/035_row39_PJ Clinic,39,PJ Clinic,ขอนแก่น,เมืองขอนแก่น,0955324699,logo.png
ภาคอีสาน,/Users/chamacbook/Desktop/KNA/dep/outputs/clinic_logos_by_region/04_ภาคอีสาน,/Users/chamacbook/Desktop/KNA/dep/outputs/clinic_logos_by_region/04_ภาคอีสาน/036_row40_PJ Clinic,40,PJ Clinic,ขอนแก่น,เมืองขอนแก่น,0909038552,logo.png
ภาคอีสาน,/Users/chamacbook/Desktop/KNA/dep/outputs/clinic_logos_by_region/04_ภาคอีสาน,/Users/chamacbook/Desktop/KNA/dep/outputs/clinic_logos_by_region/04_ภาคอีสาน/037_row41_Pongsin Clinic,41,Pongsin Clinic,สุรินทร์,เมืองสุรินทร์,0833859620,logo.png
ภาคอีสาน,/Users/chamacbook/Desktop/KNA/dep/outputs/clinic_logos_by_region/04_ภาคอีสาน,/Users/chamacbook/Desktop/KNA/dep/outputs/clinic_logos_by_region/04_ภาคอีสาน/038_row42_Privacy clinic,42,Privacy clinic,สุรินทร์,เมืองสุรินทร์,0641788871,logo.png
ภาคอีสาน,/Users/chamacbook/Desktop/KNA/dep/outputs/clinic_logos_by_region/04_ภาคอีสาน,/Users/chamacbook/Desktop/KNA/dep/outputs/clinic_logos_by_region/04_ภาคอีสาน/039_row43_Private 54 Clinic,43,Private 54 Clinic,นครราชสีมา,เมืองนครราชสีมา,0939635159,logo.png
ภาคอีสาน,/Users/chamacbook/Desktop/KNA/dep/outputs/clinic_logos_by_region/04_ภาคอีสาน,/Users/chamacbook/Desktop/KNA/dep/outputs/clinic_logos_by_region/04_ภาคอีสาน/040_row44_RATHA Clinic,44,RATHA Clinic,ชัยภูมิ,เมืองชัยภูมิ,0972295997,logo.png
ภาคอีสาน,/Users/chamacbook/Desktop/KNA/dep/outputs/clinic_logos_by_region/04_ภาคอีสาน,/Users/chamacbook/Desktop/KNA/dep/outputs/clinic_logos_by_region/04_ภาคอีสาน/041_row45_Refine Haus Clinic,45,Refine Haus Clinic,นครราชสีมา,เมืองนครราชสีมา,0834239329,logo.png
ภาคอีสาน,/Users/chamacbook/Desktop/KNA/dep/outputs/clinic_logos_by_region/04_ภาคอีสาน,/Users/chamacbook/Desktop/KNA/dep/outputs/clinic_logos_by_region/04_ภาคอีสาน/042_row46_SANDEE CLINIC,46,SANDEE CLINIC,อุบลราชธานี,เมืองอุบลราชธานี,0989692599,logo.png
ภาคอีสาน,/Users/chamacbook/Desktop/KNA/dep/outputs/clinic_logos_by_region/04_ภาคอีสาน,/Users/chamacbook/Desktop/KNA/dep/outputs/clinic_logos_by_region/04_ภาคอีสาน/043_row47_SOULTIA clinic,47,SOULTIA clinic,สุรินทร์,เมืองสุรินทร์,0971400400,logo.png
ภาคอีสาน,/Users/chamacbook/Desktop/KNA/dep/outputs/clinic_logos_by_region/04_ภาคอีสาน,/Users/chamacbook/Desktop/KNA/dep/outputs/clinic_logos_by_region/04_ภาคอีสาน/044_row48_Thanwarin Clinic,48,Thanwarin Clinic,อุบลราชธานี,เมืองอุบลราชธานี,0826468564,logo.png
ภาคอีสาน,/Users/chamacbook/Desktop/KNA/dep/outputs/clinic_logos_by_region/04_ภาคอีสาน,/Users/chamacbook/Desktop/KNA/dep/outputs/clinic_logos_by_region/04_ภาคอีสาน/045_row49_The New Clinic,49,The New Clinic,อุบลราชธานี,เมืองอุบลราชธานี,0876545075,logo.png
ภาคอีสาน,/Users/chamacbook/Desktop/KNA/dep/outputs/clinic_logos_by_region/04_ภาคอีสาน,/Users/chamacbook/Desktop/KNA/dep/outputs/clinic_logos_by_region/04_ภาคอีสาน/046_row50_Thongchai Clinic,50,Thongchai Clinic,สุรินทร์,เมืองสุรินทร์,0866569391,logo.png
ภาคอีสาน,/Users/chamacbook/Desktop/KNA/dep/outputs/clinic_logos_by_region/04_ภาคอีสาน,/Users/chamacbook/Desktop/KNA/dep/outputs/clinic_logos_by_region/04_ภาคอีสาน/047_row51_Ticha Clinic,51,Ticha Clinic,ขอนแก่น,เมืองขอนแก่น,0804034466,logo.png
ภาคอีสาน,/Users/chamacbook/Desktop/KNA/dep/outputs/clinic_logos_by_region/04_ภาคอีสาน,/Users/chamacbook/Desktop/KNA/dep/outputs/clinic_logos_by_region/04_ภาคอีสาน/048_row52_Tita Cinic,52,Tita Cinic,อุดรธานี,เมืองอุดรธานี,0910618610,logo.png
ภาคอีสาน,/Users/chamacbook/Desktop/KNA/dep/outputs/clinic_logos_by_region/04_ภาคอีสาน,/Users/chamacbook/Desktop/KNA/dep/outputs/clinic_logos_by_region/04_ภาคอีสาน/049_row53_Tita Clinic,53,Tita Clinic,ขอนแก่น,เมืองขอนแก่น,0644296289,logo.png
ภาคอีสาน,/Users/chamacbook/Desktop/KNA/dep/outputs/clinic_logos_by_region/04_ภาคอีสาน,/Users/chamacbook/Desktop/KNA/dep/outputs/clinic_logos_by_region/04_ภาคอีสาน/050_row54_UD Clinic,54,UD Clinic,ขอนแก่น,เมืองขอนแก่น,0804034466,logo.png
ภาคอีสาน,/Users/chamacbook/Desktop/KNA/dep/outputs/clinic_logos_by_region/04_ภาคอีสาน,/Users/chamacbook/Desktop/KNA/dep/outputs/clinic_logos_by_region/04_ภาคอีสาน/051_row55_UD Clinic & Ticha Clinic,55,UD Clinic & Ticha Clinic,ขอนแก่น,เมืองขอนแก่น,0921384869,logo.png
ภาคอีสาน,/Users/chamacbook/Desktop/KNA/dep/outputs/clinic_logos_by_region/04_ภาคอีสาน,/Users/chamacbook/Desktop/KNA/dep/outputs/clinic_logos_by_region/04_ภาคอีสาน/052_row56_Vanvarin Clinic,56,Vanvarin Clinic,สุรินทร์,เมืองสุรินทร์,0926936356,logo.png
ภาคอีสาน,/Users/chamacbook/Desktop/KNA/dep/outputs/clinic_logos_by_region/04_ภาคอีสาน,/Users/chamacbook/Desktop/KNA/dep/outputs/clinic_logos_by_region/04_ภาคอีสาน/053_row57_V Care Clinic,57,V Care Clinic,มหาสารคาม,เมืองมหาสารคาม,0938828144,logo.png
ภาคตะวันออก,/Users/chamacbook/Desktop/KNA/dep/outputs/clinic_logos_by_region/05_ภาคตะวันออก,/Users/chamacbook/Desktop/KNA/dep/outputs/clinic_logos_by_region/05_ภาคตะวันออก/001_row5_Diora Clinic Chanthaburi ดิออร่า คลินิกจันทบุรี,5,Diora Clinic Chanthaburi ดิออร่า คลินิกจันทบุรี,จันทบุรี,เมืองจันทบุรี,0641899662,logo.png
ภาคตะวันออก,/Users/chamacbook/Desktop/KNA/dep/outputs/clinic_logos_by_region/05_ภาคตะวันออก,/Users/chamacbook/Desktop/KNA/dep/outputs/clinic_logos_by_region/05_ภาคตะวันออก/002_row6_Macher clinic จันทบุรี,6,Macher clinic จันทบุรี,จันทบุรี,เมืองจันทบุรี,0897503569,logo.png
ภาคตะวันออก,/Users/chamacbook/Desktop/KNA/dep/outputs/clinic_logos_by_region/05_ภาคตะวันออก,/Users/chamacbook/Desktop/KNA/dep/outputs/clinic_logos_by_region/05_ภาคตะวันออก/003_row7_นวลคลินิกเวชกรรม จันทบุรี,7,นวลคลินิกเวชกรรม จันทบุรี,จันทบุรี,เมืองจันทบุรี,0897181111,logo.png
ภาคตะวันออก,/Users/chamacbook/Desktop/KNA/dep/outputs/clinic_logos_by_region/05_ภาคตะวันออก,/Users/chamacbook/Desktop/KNA/dep/outputs/clinic_logos_by_region/05_ภาคตะวันออก/004_row8_ริมน้ําการแพทย์ คลินิกเวชกรรม,8,ริมน้ำการแพทย์ คลินิกเวชกรรม,จันทบุรี,เมืองจันทบุรี,0914699664,logo.png
ภาคตะวันออก,/Users/chamacbook/Desktop/KNA/dep/outputs/clinic_logos_by_region/05_ภาคตะวันออก,/Users/chamacbook/Desktop/KNA/dep/outputs/clinic_logos_by_region/05_ภาคตะวันออก/005_row9_ริมน้ําการแพทย์ คลินิกเวชกรรม,9,ริมน้ำการแพทย์ คลินิกเวชกรรม,จันทบุรี,เมืองจันทบุรี,0914699664,logo.png
ภาคตะวันออก,/Users/chamacbook/Desktop/KNA/dep/outputs/clinic_logos_by_region/05_ภาคตะวันออก,/Users/chamacbook/Desktop/KNA/dep/outputs/clinic_logos_by_region/05_ภาคตะวันออก/006_row10_วีว่า ดีว่า คลินิก viva diva clinic,10,วีว่า ดีว่า คลินิก viva diva clinic,จันทบุรี,เมืองจันทบุรี,0897503569,logo.png
ภาคตะวันออก,/Users/chamacbook/Desktop/KNA/dep/outputs/clinic_logos_by_region/05_ภาคตะวันออก,/Users/chamacbook/Desktop/KNA/dep/outputs/clinic_logos_by_region/05_ภาคตะวันออก/007_row11_เมืองจันท์ เวลเนส คลีนิค,11,เมืองจันท์ เวลเนส คลีนิค,จันทบุรี,เมืองจันทบุรี,097-198969,logo.png
ภาคตะวันออก,/Users/chamacbook/Desktop/KNA/dep/outputs/clinic_logos_by_region/05_ภาคตะวันออก,/Users/chamacbook/Desktop/KNA/dep/outputs/clinic_logos_by_region/05_ภาคตะวันออก/008_row12_Dr Joy’s clinic,12,Dr Joy’s clinic,ฉะเชิงเทรา,บางปะกง,0654232929,logo.png
ภาคตะวันออก,/Users/chamacbook/Desktop/KNA/dep/outputs/clinic_logos_by_region/05_ภาคตะวันออก,/Users/chamacbook/Desktop/KNA/dep/outputs/clinic_logos_by_region/05_ภาคตะวันออก/009_row13_Everglow clinic,13,Everglow clinic,ฉะเชิงเทรา,เมืองฉะเชิงเทรา,0875626266,logo.png
ภาคตะวันออก,/Users/chamacbook/Desktop/KNA/dep/outputs/clinic_logos_by_region/05_ภาคตะวันออก,/Users/chamacbook/Desktop/KNA/dep/outputs/clinic_logos_by_region/05_ภาคตะวันออก/010_row14_Cronus aesthetic and wellness clinic,14,Cronus aesthetic and wellness clinic,ชลบุรี,บางละมุง,0816656946,logo.png
ภาคตะวันออก,/Users/chamacbook/Desktop/KNA/dep/outputs/clinic_logos_by_region/05_ภาคตะวันออก,/Users/chamacbook/Desktop/KNA/dep/outputs/clinic_logos_by_region/05_ภาคตะวันออก/011_row15_Mediqueen Clinic,15,Mediqueen Clinic,ชลบุรี,บางละมุง,0953626235,logo.png
ภาคตะวันออก,/Users/chamacbook/Desktop/KNA/dep/outputs/clinic_logos_by_region/05_ภาคตะวันออก,/Users/chamacbook/Desktop/KNA/dep/outputs/clinic_logos_by_region/05_ภาคตะวันออก/012_row16_PinkRosee Clinic,16,PinkRosee Clinic,ชลบุรี,บางละมุง,0646362626,logo.png
ภาคตะวันออก,/Users/chamacbook/Desktop/KNA/dep/outputs/clinic_logos_by_region/05_ภาคตะวันออก,/Users/chamacbook/Desktop/KNA/dep/outputs/clinic_logos_by_region/05_ภาคตะวันออก/013_row17_กิตติพงศ์คลินิก By หมอเกรท,17,กิตติพงศ์คลินิก By หมอเกรท,ชลบุรี,บางละมุง,0822424144,logo.png
ภาคตะวันออก,/Users/chamacbook/Desktop/KNA/dep/outputs/clinic_logos_by_region/05_ภาคตะวันออก,/Users/chamacbook/Desktop/KNA/dep/outputs/clinic_logos_by_region/05_ภาคตะวันออก/014_row18_ชาญ คลีนิค,18,ชาญ คลีนิค,ชลบุรี,บางละมุง,065-619788,logo.png
ภาคตะวันออก,/Users/chamacbook/Desktop/KNA/dep/outputs/clinic_logos_by_region/05_ภาคตะวันออก,/Users/chamacbook/Desktop/KNA/dep/outputs/clinic_logos_by_region/05_ภาคตะวันออก/015_row19_ลาโบเต้ คลินิก,19,ลาโบเต้ คลินิก,ชลบุรี,บางละมุง,0876805555,logo.png
ภาคตะวันออก,/Users/chamacbook/Desktop/KNA/dep/outputs/clinic_logos_by_region/05_ภาคตะวันออก,/Users/chamacbook/Desktop/KNA/dep/outputs/clinic_logos_by_region/05_ภาคตะวันออก/016_row20_เดอะเคคลินิก,20,เดอะเคคลินิก,ชลบุรี,บางละมุง,0850400072,logo.png
ภาคตะวันออก,/Users/chamacbook/Desktop/KNA/dep/outputs/clinic_logos_by_region/05_ภาคตะวันออก,/Users/chamacbook/Desktop/KNA/dep/outputs/clinic_logos_by_region/05_ภาคตะวันออก/017_row21_โรงพยาบาลพัทยาอินเตอร์,21,โรงพยาบาลพัทยาอินเตอร์,ชลบุรี,บางละมุง,038428374,logo.png
ภาคตะวันออก,/Users/chamacbook/Desktop/KNA/dep/outputs/clinic_logos_by_region/05_ภาคตะวันออก,/Users/chamacbook/Desktop/KNA/dep/outputs/clinic_logos_by_region/05_ภาคตะวันออก/018_row22_โรงพยาบาลพัทยาอินเตอร์,22,โรงพยาบาลพัทยาอินเตอร์,ชลบุรี,บางละมุง,038-428374,logo.png
ภาคตะวันออก,/Users/chamacbook/Desktop/KNA/dep/outputs/clinic_logos_by_region/05_ภาคตะวันออก,/Users/chamacbook/Desktop/KNA/dep/outputs/clinic_logos_by_region/05_ภาคตะวันออก/019_row23_Dr.Golf clinic คลินิกเวชกรรมแพทย์สุรสิทธิ์ แหลมฉบัง,23,Dr.Golf clinic คลินิกเวชกรรมแพทย์สุรสิทธิ์ แหลมฉบัง,ชลบุรี,บ้านบึง,0850549102,logo.png
ภาคตะวันออก,/Users/chamacbook/Desktop/KNA/dep/outputs/clinic_logos_by_region/05_ภาคตะวันออก,/Users/chamacbook/Desktop/KNA/dep/outputs/clinic_logos_by_region/05_ภาคตะวันออก/020_row24_SMITH HEALTH AND WELLNESS,24,SMITH HEALTH AND WELLNESS,ชลบุรี,ศรีราชา,0954900965,logo.png
ภาคตะวันออก,/Users/chamacbook/Desktop/KNA/dep/outputs/clinic_logos_by_region/05_ภาคตะวันออก,/Users/chamacbook/Desktop/KNA/dep/outputs/clinic_logos_by_region/05_ภาคตะวันออก/021_row25_วิไลลักษณ์ คลินิก,25,วิไลลักษณ์ คลินิก,ชลบุรี,ศรีราชา,081-410033,logo.png
ภาคตะวันออก,/Users/chamacbook/Desktop/KNA/dep/outputs/clinic_logos_by_region/05_ภาคตะวันออก,/Users/chamacbook/Desktop/KNA/dep/outputs/clinic_logos_by_region/05_ภาคตะวันออก/022_row26_Because Clinic (บีคอส คลินิก) สาขาบางนา,26,Because Clinic (บีคอส คลินิก) สาขาบางนา,ชลบุรี,สัตหีบ,0809879996,logo.png
ภาคตะวันออก,/Users/chamacbook/Desktop/KNA/dep/outputs/clinic_logos_by_region/05_ภาคตะวันออก,/Users/chamacbook/Desktop/KNA/dep/outputs/clinic_logos_by_region/05_ภาคตะวันออก/023_row27_Desire Clinic,27,Desire Clinic,ชลบุรี,เมืองชลบุรี,092-250809,logo.png
ภาคตะวันออก,/Users/chamacbook/Desktop/KNA/dep/outputs/clinic_logos_by_region/05_ภาคตะวันออก,/Users/chamacbook/Desktop/KNA/dep/outputs/clinic_logos_by_region/05_ภาคตะวันออก/024_row28_Dr.Ploi Clinic,28,Dr.Ploi Clinic,ชลบุรี,เมืองชลบุรี,0870362114,logo.png
ภาคตะวันออก,/Users/chamacbook/Desktop/KNA/dep/outputs/clinic_logos_by_region/05_ภาคตะวันออก,/Users/chamacbook/Desktop/KNA/dep/outputs/clinic_logos_by_region/05_ภาคตะวันออก/025_row29_JINS CLINIC,29,JINS CLINIC,ชลบุรี,เมืองชลบุรี,0954717868,logo.png
ภาคตะวันออก,/Users/chamacbook/Desktop/KNA/dep/outputs/clinic_logos_by_region/05_ภาคตะวันออก,/Users/chamacbook/Desktop/KNA/dep/outputs/clinic_logos_by_region/05_ภาคตะวันออก/026_row30_OOPS CLINIC,30,OOPS CLINIC,ชลบุรี,เมืองชลบุรี,0632454614,logo.png
ภาคตะวันออก,/Users/chamacbook/Desktop/KNA/dep/outputs/clinic_logos_by_region/05_ภาคตะวันออก,/Users/chamacbook/Desktop/KNA/dep/outputs/clinic_logos_by_region/05_ภาคตะวันออก/027_row31_The Vogue Clinic,31,The Vogue Clinic,ชลบุรี,เมืองชลบุรี,0853916999,logo.png
ภาคตะวันออก,/Users/chamacbook/Desktop/KNA/dep/outputs/clinic_logos_by_region/05_ภาคตะวันออก,/Users/chamacbook/Desktop/KNA/dep/outputs/clinic_logos_by_region/05_ภาคตะวันออก/028_row32_คลินิกหมอพลอย,32,คลินิกหมอพลอย,ชลบุรี,เมืองชลบุรี,0870362114,logo.png
ภาคตะวันออก,/Users/chamacbook/Desktop/KNA/dep/outputs/clinic_logos_by_region/05_ภาคตะวันออก,/Users/chamacbook/Desktop/KNA/dep/outputs/clinic_logos_by_region/05_ภาคตะวันออก/029_row33_พาริสมา คลินิกเวชกรรม,33,พาริสมา คลินิกเวชกรรม,ชลบุรี,เมืองชลบุรี,0925569542,logo.png
ภาคตะวันออก,/Users/chamacbook/Desktop/KNA/dep/outputs/clinic_logos_by_region/05_ภาคตะวันออก,/Users/chamacbook/Desktop/KNA/dep/outputs/clinic_logos_by_region/05_ภาคตะวันออก/030_row34_เดอะโว๊กคลินิกเวชกรรม สาขาชลบุรี,34,เดอะโว๊กคลินิกเวชกรรม สาขาชลบุรี,ชลบุรี,เมืองชลบุรี,0910936999,logo.png
ภาคตะวันออก,/Users/chamacbook/Desktop/KNA/dep/outputs/clinic_logos_by_region/05_ภาคตะวันออก,/Users/chamacbook/Desktop/KNA/dep/outputs/clinic_logos_by_region/05_ภาคตะวันออก/031_row35_BEAUTY BANK CLINIC คลินิกหมอแบงค์ ศัลยกรรมตกแต่ง ทําตาสองชั้น เสริมจมูก,35,BEAUTY BANK CLINIC คลินิกหมอแบงค์ ศัลยกรรมตกแต่ง ทำตาสองชั้น เสริมจมูก,ตราด,เมืองตราด,089-603585,logo.png
ภาคตะวันออก,/Users/chamacbook/Desktop/KNA/dep/outputs/clinic_logos_by_region/05_ภาคตะวันออก,/Users/chamacbook/Desktop/KNA/dep/outputs/clinic_logos_by_region/05_ภาคตะวันออก/032_row36_ฮานะคลินิก สาขาอรัญประเทศ,36,ฮานะคลินิก สาขาอรัญประเทศ,ระยอง,เมืองระยอง,0922655631,logo.png
ภาคตะวันออก,/Users/chamacbook/Desktop/KNA/dep/outputs/clinic_logos_by_region/05_ภาคตะวันออก,/Users/chamacbook/Desktop/KNA/dep/outputs/clinic_logos_by_region/05_ภาคตะวันออก/033_row37_AneedsClinic จันทบุรี,37,AneedsClinic จันทบุรี,ระยอง,เมืองระยอง,097198969,logo.png
ภาคตะวันออก,/Users/chamacbook/Desktop/KNA/dep/outputs/clinic_logos_by_region/05_ภาคตะวันออก,/Users/chamacbook/Desktop/KNA/dep/outputs/clinic_logos_by_region/05_ภาคตะวันออก/034_row38_DOCTOR NON CLINIC,38,DOCTOR NON CLINIC,ระยอง,เมืองระยอง,0936539935,logo.png
ภาคตะวันออก,/Users/chamacbook/Desktop/KNA/dep/outputs/clinic_logos_by_region/05_ภาคตะวันออก,/Users/chamacbook/Desktop/KNA/dep/outputs/clinic_logos_by_region/05_ภาคตะวันออก/035_row39_Doctor KONG Clinic - ด็อกเตอร์ ก้อง คลินิก,39,Doctor KONG Clinic - ด็อกเตอร์ ก้อง คลินิก,ระยอง,เมืองระยอง,0822536999,logo.png
ภาคตะวันออก,/Users/chamacbook/Desktop/KNA/dep/outputs/clinic_logos_by_region/05_ภาคตะวันออก,/Users/chamacbook/Desktop/KNA/dep/outputs/clinic_logos_by_region/05_ภาคตะวันออก/036_row40_Doctor Non clinic ด็อกเตอร์ นน คลินิก,40,Doctor Non clinic ด็อกเตอร์ นน คลินิก,ระยอง,เมืองระยอง,0612323946,logo.png
ภาคตะวันออก,/Users/chamacbook/Desktop/KNA/dep/outputs/clinic_logos_by_region/05_ภาคตะวันออก,/Users/chamacbook/Desktop/KNA/dep/outputs/clinic_logos_by_region/05_ภาคตะวันออก/037_row41_REVIZE CLINIC,41,REVIZE CLINIC,ระยอง,เมืองระยอง,0642639924,logo.png
ภาคตะวันออก,/Users/chamacbook/Desktop/KNA/dep/outputs/clinic_logos_by_region/05_ภาคตะวันออก,/Users/chamacbook/Desktop/KNA/dep/outputs/clinic_logos_by_region/05_ภาคตะวันออก/038_row42_ด็อกเตอร์ นน คลินิกเวชกรรม,42,ด็อกเตอร์ นน คลินิกเวชกรรม,ระยอง,เมืองระยอง,0936539935,logo.png
ภาคตะวันออก,/Users/chamacbook/Desktop/KNA/dep/outputs/clinic_logos_by_region/05_ภาคตะวันออก,/Users/chamacbook/Desktop/KNA/dep/outputs/clinic_logos_by_region/05_ภาคตะวันออก/039_row43_หวานหวาน คลินิก,43,หวานหวาน คลินิก,ระยอง,เมืองระยอง,0934542652,logo.png
ภาคตะวันตก,/Users/chamacbook/Desktop/KNA/dep/outputs/clinic_logos_by_region/06_ภาคตะวันตก,/Users/chamacbook/Desktop/KNA/dep/outputs/clinic_logos_by_region/06_ภาคตะวันตก/001_row5_Derfrance clinic,5,Derfrance clinic,กาญจนบุรี,เมืองกาญจนบุรี,0830954832,logo.png
ภาคตะวันตก,/Users/chamacbook/Desktop/KNA/dep/outputs/clinic_logos_by_region/06_ภาคตะวันตก,/Users/chamacbook/Desktop/KNA/dep/outputs/clinic_logos_by_region/06_ภาคตะวันตก/002_row6_CALISSA CLINIC,6,CALISSA CLINIC,ประจวบคีรีขันธ์,หัวหิน,0650080032,logo.png
ภาคตะวันตก,/Users/chamacbook/Desktop/KNA/dep/outputs/clinic_logos_by_region/06_ภาคตะวันตก,/Users/chamacbook/Desktop/KNA/dep/outputs/clinic_logos_by_region/06_ภาคตะวันตก/003_row7_คลินิกเวชกรรมมามิ คลินิก,7,คลินิกเวชกรรมมามิ คลินิก,ประจวบคีรีขันธ์,หัวหิน,0944789562,logo.png
ภาคตะวันตก,/Users/chamacbook/Desktop/KNA/dep/outputs/clinic_logos_by_region/06_ภาคตะวันตก,/Users/chamacbook/Desktop/KNA/dep/outputs/clinic_logos_by_region/06_ภาคตะวันตก/004_row8_คาลิสา คลินิคเวชกรรม,8,คาลิสา คลินิคเวชกรรม,ประจวบคีรีขันธ์,หัวหิน,0650080032,logo.png
ภาคตะวันตก,/Users/chamacbook/Desktop/KNA/dep/outputs/clinic_logos_by_region/06_ภาคตะวันตก,/Users/chamacbook/Desktop/KNA/dep/outputs/clinic_logos_by_region/06_ภาคตะวันตก/005_row9_ธัชพล คลินิค,9,ธัชพล คลินิค,ประจวบคีรีขันธ์,หัวหิน,0909259291,logo.png
ภาคตะวันตก,/Users/chamacbook/Desktop/KNA/dep/outputs/clinic_logos_by_region/06_ภาคตะวันตก,/Users/chamacbook/Desktop/KNA/dep/outputs/clinic_logos_by_region/06_ภาคตะวันตก/006_row10_ไพร์ม คลินิก,10,ไพร์ม คลินิก,ประจวบคีรีขันธ์,หัวหิน,0858255646,logo.png
ภาคตะวันตก,/Users/chamacbook/Desktop/KNA/dep/outputs/clinic_logos_by_region/06_ภาคตะวันตก,/Users/chamacbook/Desktop/KNA/dep/outputs/clinic_logos_by_region/06_ภาคตะวันตก/007_row11_KL Clinic,11,KL Clinic,ประจวบคีรีขันธ์,เมืองประจวบคีรีขันธ์,0870137310,logo.png
ภาคตะวันตก,/Users/chamacbook/Desktop/KNA/dep/outputs/clinic_logos_by_region/06_ภาคตะวันตก,/Users/chamacbook/Desktop/KNA/dep/outputs/clinic_logos_by_region/06_ภาคตะวันตก/008_row12_MhorFome Clinic,12,MhorFome Clinic,ประจวบคีรีขันธ์,เมืองประจวบคีรีขันธ์,0962891522,logo.png
ภาคตะวันตก,/Users/chamacbook/Desktop/KNA/dep/outputs/clinic_logos_by_region/06_ภาคตะวันตก,/Users/chamacbook/Desktop/KNA/dep/outputs/clinic_logos_by_region/06_ภาคตะวันตก/009_row13_นพ.วรวุฒิ โพธิ์ชื่น,13,นพ.วรวุฒิ โพธิ์ชื่น,ราชบุรี,บ้านโป่ง,0829644198,logo.png
ภาคตะวันตก,/Users/chamacbook/Desktop/KNA/dep/outputs/clinic_logos_by_region/06_ภาคตะวันตก,/Users/chamacbook/Desktop/KNA/dep/outputs/clinic_logos_by_region/06_ภาคตะวันตก/010_row14_ADELA CLINIC,14,ADELA CLINIC,ราชบุรี,เมืองราชบุรี,0628244291,logo.png
ภาคตะวันตก,/Users/chamacbook/Desktop/KNA/dep/outputs/clinic_logos_by_region/06_ภาคตะวันตก,/Users/chamacbook/Desktop/KNA/dep/outputs/clinic_logos_by_region/06_ภาคตะวันตก/011_row15_RAKTA CLINIC,15,RAKTA CLINIC,ราชบุรี,เมืองราชบุรี,0944545426,logo.png
ภาคตะวันตก,/Users/chamacbook/Desktop/KNA/dep/outputs/clinic_logos_by_region/06_ภาคตะวันตก,/Users/chamacbook/Desktop/KNA/dep/outputs/clinic_logos_by_region/06_ภาคตะวันตก/012_row16_All Star Clinic,16,All Star Clinic,เพชรบุรี,ชะอำ,0995695363,logo.png
ภาคตะวันตก,/Users/chamacbook/Desktop/KNA/dep/outputs/clinic_logos_by_region/06_ภาคตะวันตก,/Users/chamacbook/Desktop/KNA/dep/outputs/clinic_logos_by_region/06_ภาคตะวันตก/013_row17_คาร่า คลินิคเวชกรรม,17,คาร่า คลินิคเวชกรรม,เพชรบุรี,เมืองเพชรบุรี,0863306694,logo.png
ภาคตะวันตก,/Users/chamacbook/Desktop/KNA/dep/outputs/clinic_logos_by_region/06_ภาคตะวันตก,/Users/chamacbook/Desktop/KNA/dep/outputs/clinic_logos_by_region/06_ภาคตะวันตก/014_row18_ด็อกเตอร์บัวคลินิกเวชกรรม,18,ด็อกเตอร์บัวคลินิกเวชกรรม,เพชรบุรี,เมืองเพชรบุรี,0876758581,logo.png
ภาคใต้,/Users/chamacbook/Desktop/KNA/dep/outputs/clinic_logos_by_region/07_ภาคใต้,/Users/chamacbook/Desktop/KNA/dep/outputs/clinic_logos_by_region/07_ภาคใต้/001_row5_COZBANGKOK CLINIC,5,COZBANGKOK CLINIC,กระบี่,เมืองกระบี่,0856519133,logo.png
ภาคใต้,/Users/chamacbook/Desktop/KNA/dep/outputs/clinic_logos_by_region/07_ภาคใต้,/Users/chamacbook/Desktop/KNA/dep/outputs/clinic_logos_by_region/07_ภาคใต้/002_row6_เลอบิวทีค คลินิกเวชกรรม,6,เลอบิวทีค คลินิกเวชกรรม,กระบี่,เมืองกระบี่,075622242,logo.png
ภาคใต้,/Users/chamacbook/Desktop/KNA/dep/outputs/clinic_logos_by_region/07_ภาคใต้,/Users/chamacbook/Desktop/KNA/dep/outputs/clinic_logos_by_region/07_ภาคใต้/003_row7_คลินิกหมอปรเมศวร์ คลินิกเวชกรรม,7,คลินิกหมอปรเมศวร์ คลินิกเวชกรรม,ชุมพร,หลังสวน,0956496463,logo.png
ภาคใต้,/Users/chamacbook/Desktop/KNA/dep/outputs/clinic_logos_by_region/07_ภาคใต้,/Users/chamacbook/Desktop/KNA/dep/outputs/clinic_logos_by_region/07_ภาคใต้/004_row8_บริษัท เดอะ ภรณี กรุ๊ป จํากัด,8,บริษัท เดอะ ภรณี กรุ๊ป จำกัด,ชุมพร,หลังสวน,0850648414,logo.png
ภาคใต้,/Users/chamacbook/Desktop/KNA/dep/outputs/clinic_logos_by_region/07_ภาคใต้,/Users/chamacbook/Desktop/KNA/dep/outputs/clinic_logos_by_region/07_ภาคใต้/005_row9_Ozana wellness clinic,9,Ozana wellness clinic,ชุมพร,เมืองชุมพร,0887513543,logo.png
ภาคใต้,/Users/chamacbook/Desktop/KNA/dep/outputs/clinic_logos_by_region/07_ภาคใต้,/Users/chamacbook/Desktop/KNA/dep/outputs/clinic_logos_by_region/07_ภาคใต้/006_row10_The eve clinic,10,The eve clinic,ชุมพร,เมืองชุมพร,0971399987,logo.png
ภาคใต้,/Users/chamacbook/Desktop/KNA/dep/outputs/clinic_logos_by_region/07_ภาคใต้,/Users/chamacbook/Desktop/KNA/dep/outputs/clinic_logos_by_region/07_ภาคใต้/007_row11_ธิออร่าคลินิก,11,ธิออร่าคลินิก,ตรัง,เมืองตรัง,0649462263,logo.png
ภาคใต้,/Users/chamacbook/Desktop/KNA/dep/outputs/clinic_logos_by_region/07_ภาคใต้,/Users/chamacbook/Desktop/KNA/dep/outputs/clinic_logos_by_region/07_ภาคใต้/008_row12_วรทคลินิก,12,วรทคลินิก,นครศรีธรรมราช,ทุ่งสง,0646239636,logo.png
ภาคใต้,/Users/chamacbook/Desktop/KNA/dep/outputs/clinic_logos_by_region/07_ภาคใต้,/Users/chamacbook/Desktop/KNA/dep/outputs/clinic_logos_by_region/07_ภาคใต้/009_row13_อริสคลินิก,13,อริสคลินิก,นครศรีธรรมราช,ทุ่งสง,0842625656,logo.png
ภาคใต้,/Users/chamacbook/Desktop/KNA/dep/outputs/clinic_logos_by_region/07_ภาคใต้,/Users/chamacbook/Desktop/KNA/dep/outputs/clinic_logos_by_region/07_ภาคใต้/010_row14_วรท คลินิก,14,วรท คลินิก,นครศรีธรรมราช,ทุ่งใหญ่,0858836937,logo.png
ภาคใต้,/Users/chamacbook/Desktop/KNA/dep/outputs/clinic_logos_by_region/07_ภาคใต้,/Users/chamacbook/Desktop/KNA/dep/outputs/clinic_logos_by_region/07_ภาคใต้/011_row15_คลินิกความงามหมอสิริกานต์,15,คลินิกความงามหมอสิริกานต์,นครศรีธรรมราช,สิชล,0819786713,logo.png
ภาคใต้,/Users/chamacbook/Desktop/KNA/dep/outputs/clinic_logos_by_region/07_ภาคใต้,/Users/chamacbook/Desktop/KNA/dep/outputs/clinic_logos_by_region/07_ภาคใต้/012_row16_สิริกานต์ คลินิก,16,สิริกานต์ คลินิก,นครศรีธรรมราช,สิชล,0819786713,logo.png
ภาคใต้,/Users/chamacbook/Desktop/KNA/dep/outputs/clinic_logos_by_region/07_ภาคใต้,/Users/chamacbook/Desktop/KNA/dep/outputs/clinic_logos_by_region/07_ภาคใต้/013_row17_Amela Clinic,17,Amela Clinic,นครศรีธรรมราช,เมืองนครศรีธรรมราช,0928899148,logo.png
ภาคใต้,/Users/chamacbook/Desktop/KNA/dep/outputs/clinic_logos_by_region/07_ภาคใต้,/Users/chamacbook/Desktop/KNA/dep/outputs/clinic_logos_by_region/07_ภาคใต้/014_row18_Deva clinic,18,Deva clinic,นครศรีธรรมราช,เมืองนครศรีธรรมราช,0815693150,logo.png
ภาคใต้,/Users/chamacbook/Desktop/KNA/dep/outputs/clinic_logos_by_region/07_ภาคใต้,/Users/chamacbook/Desktop/KNA/dep/outputs/clinic_logos_by_region/07_ภาคใต้/015_row19_กิตติคลินิกเวชกรรม,19,กิตติคลินิกเวชกรรม,นครศรีธรรมราช,เมืองนครศรีธรรมราช,0810962940,logo.png
ภาคใต้,/Users/chamacbook/Desktop/KNA/dep/outputs/clinic_logos_by_region/07_ภาคใต้,/Users/chamacbook/Desktop/KNA/dep/outputs/clinic_logos_by_region/07_ภาคใต้/016_row20_ธมลวัฒก์คลินิกเวชกรรม,20,ธมลวัฒก์คลินิกเวชกรรม,นครศรีธรรมราช,เมืองนครศรีธรรมราช,0854442422,logo.png
ภาคใต้,/Users/chamacbook/Desktop/KNA/dep/outputs/clinic_logos_by_region/07_ภาคใต้,/Users/chamacbook/Desktop/KNA/dep/outputs/clinic_logos_by_region/07_ภาคใต้/017_row21_เกศกนก คลินิกเวชกรรม,21,เกศกนก คลินิกเวชกรรม,นครศรีธรรมราช,เมืองนครศรีธรรมราช,0646467417,logo.png
ภาคใต้,/Users/chamacbook/Desktop/KNA/dep/outputs/clinic_logos_by_region/07_ภาคใต้,/Users/chamacbook/Desktop/KNA/dep/outputs/clinic_logos_by_region/07_ภาคใต้/018_row22_GaGa clinic,22,GaGa clinic,นราธิวาส,สุไหงโกลก,0622245664,logo.png
ภาคใต้,/Users/chamacbook/Desktop/KNA/dep/outputs/clinic_logos_by_region/07_ภาคใต้,/Users/chamacbook/Desktop/KNA/dep/outputs/clinic_logos_by_region/07_ภาคใต้/019_row23_รวิษฎารีแฮปคลินิก,23,รวิษฎารีแฮปคลินิก,นราธิวาส,สุไหงโกลก,0614465661,logo.png
ภาคใต้,/Users/chamacbook/Desktop/KNA/dep/outputs/clinic_logos_by_region/07_ภาคใต้,/Users/chamacbook/Desktop/KNA/dep/outputs/clinic_logos_by_region/07_ภาคใต้/020_row24_วาเลนเทียร์คลินิก,24,วาเลนเทียร์คลินิก,นราธิวาส,เมืองนราธิวาส,0982942694,logo.png
ภาคใต้,/Users/chamacbook/Desktop/KNA/dep/outputs/clinic_logos_by_region/07_ภาคใต้,/Users/chamacbook/Desktop/KNA/dep/outputs/clinic_logos_by_region/07_ภาคใต้/021_row25_Jamil clinic,25,Jamil clinic,ปัตตานี,เมืองปัตตานี,0981646525,logo.png
ภาคใต้,/Users/chamacbook/Desktop/KNA/dep/outputs/clinic_logos_by_region/07_ภาคใต้,/Users/chamacbook/Desktop/KNA/dep/outputs/clinic_logos_by_region/07_ภาคใต้/022_row26_PROMTPROUD MEDICAL CLINIC,26,PROMTPROUD MEDICAL CLINIC,ปัตตานี,เมืองปัตตานี,0615055888,logo.png
ภาคใต้,/Users/chamacbook/Desktop/KNA/dep/outputs/clinic_logos_by_region/07_ภาคใต้,/Users/chamacbook/Desktop/KNA/dep/outputs/clinic_logos_by_region/07_ภาคใต้/023_row27_เชษฐพงศ์คลินิกเวชกรรม,27,เชษฐพงศ์คลินิกเวชกรรม,พัทลุง,ควนขนุน,0817471656,logo.png
ภาคใต้,/Users/chamacbook/Desktop/KNA/dep/outputs/clinic_logos_by_region/07_ภาคใต้,/Users/chamacbook/Desktop/KNA/dep/outputs/clinic_logos_by_region/07_ภาคใต้/024_row28_นาบีคลินิกเวชกรรม,28,นาบีคลินิกเวชกรรม,พัทลุง,เมืองพัทลุง,0887907162,logo.png
ภาคใต้,/Users/chamacbook/Desktop/KNA/dep/outputs/clinic_logos_by_region/07_ภาคใต้,/Users/chamacbook/Desktop/KNA/dep/outputs/clinic_logos_by_region/07_ภาคใต้/025_row29_Suttisak clinic,29,Suttisak clinic,ภูเก็ต,กะทู้,0814974599,logo.png
ภาคใต้,/Users/chamacbook/Desktop/KNA/dep/outputs/clinic_logos_by_region/07_ภาคใต้,/Users/chamacbook/Desktop/KNA/dep/outputs/clinic_logos_by_region/07_ภาคใต้/026_row30_คลินิกเวชกรรมลีโอ,30,คลินิกเวชกรรมลีโอ,ภูเก็ต,กะทู้,0619569474,logo.png
ภาคใต้,/Users/chamacbook/Desktop/KNA/dep/outputs/clinic_logos_by_region/07_ภาคใต้,/Users/chamacbook/Desktop/KNA/dep/outputs/clinic_logos_by_region/07_ภาคใต้/027_row31_มีสทีค ไวฟ์ คลินิก,31,มีสทีค ไวฟ์ คลินิก,ภูเก็ต,ถลาง,0876246985,logo.png
ภาคใต้,/Users/chamacbook/Desktop/KNA/dep/outputs/clinic_logos_by_region/07_ภาคใต้,/Users/chamacbook/Desktop/KNA/dep/outputs/clinic_logos_by_region/07_ภาคใต้/028_row32_หมอประสานคลินิกเวชกรรม,32,หมอประสานคลินิกเวชกรรม,ภูเก็ต,ถลาง,0902385032,logo.png
ภาคใต้,/Users/chamacbook/Desktop/KNA/dep/outputs/clinic_logos_by_region/07_ภาคใต้,/Users/chamacbook/Desktop/KNA/dep/outputs/clinic_logos_by_region/07_ภาคใต้/029_row33_คลินิกเฉพาะทางด้านเวชกรรม หู คอ จมูก หมอสุทธิศักดิ์ 2 (กะทู้),33,คลินิกเฉพาะทางด้านเวชกรรม หู คอ จมูก หมอสุทธิศักดิ์ 2 (กะทู้),ภูเก็ต,เมืองภูเก็ต,0874787589,logo.png
ภาคใต้,/Users/chamacbook/Desktop/KNA/dep/outputs/clinic_logos_by_region/07_ภาคใต้,/Users/chamacbook/Desktop/KNA/dep/outputs/clinic_logos_by_region/07_ภาคใต้/030_row34_ณภัชชา คลินิกเวชกรรม,34,ณภัชชา คลินิกเวชกรรม,ภูเก็ต,เมืองภูเก็ต,099-290008,logo.png
ภาคใต้,/Users/chamacbook/Desktop/KNA/dep/outputs/clinic_logos_by_region/07_ภาคใต้,/Users/chamacbook/Desktop/KNA/dep/outputs/clinic_logos_by_region/07_ภาคใต้/031_row35_บริษัท สยาม บิวตี้ คลินิก จํากัด,35,บริษัท สยาม บิวตี้ คลินิก จำกัด,ภูเก็ต,เมืองภูเก็ต,0884486718,logo.png
ภาคใต้,/Users/chamacbook/Desktop/KNA/dep/outputs/clinic_logos_by_region/07_ภาคใต้,/Users/chamacbook/Desktop/KNA/dep/outputs/clinic_logos_by_region/07_ภาคใต้/032_row36_บีกิฟท์คลินิกเวชกรรม,36,บีกิฟท์คลินิกเวชกรรม,ภูเก็ต,เมืองภูเก็ต,0629195914,logo.png
ภาคใต้,/Users/chamacbook/Desktop/KNA/dep/outputs/clinic_logos_by_region/07_ภาคใต้,/Users/chamacbook/Desktop/KNA/dep/outputs/clinic_logos_by_region/07_ภาคใต้/033_row37_มูเตน่าคลินิกเวชกรรม,37,มูเตน่าคลินิกเวชกรรม,ภูเก็ต,เมืองภูเก็ต,0651492362,logo.png
ภาคใต้,/Users/chamacbook/Desktop/KNA/dep/outputs/clinic_logos_by_region/07_ภาคใต้,/Users/chamacbook/Desktop/KNA/dep/outputs/clinic_logos_by_region/07_ภาคใต้/034_row38_วิลล่าออร่าคลินิกเวชกรรม,38,วิลล่าออร่าคลินิกเวชกรรม,ภูเก็ต,เมืองภูเก็ต,0628155645,logo.png
ภาคใต้,/Users/chamacbook/Desktop/KNA/dep/outputs/clinic_logos_by_region/07_ภาคใต้,/Users/chamacbook/Desktop/KNA/dep/outputs/clinic_logos_by_region/07_ภาคใต้/035_row39_สยาม บิวตี้ คลินิก,39,สยาม บิวตี้ คลินิก,ภูเก็ต,เมืองภูเก็ต,094749666,logo.png
ภาคใต้,/Users/chamacbook/Desktop/KNA/dep/outputs/clinic_logos_by_region/07_ภาคใต้,/Users/chamacbook/Desktop/KNA/dep/outputs/clinic_logos_by_region/07_ภาคใต้/036_row40_โบดิฟลาย คลินิกเวชกรรม,40,โบดิฟลาย คลินิกเวชกรรม,ภูเก็ต,เมืองภูเก็ต,0989978367,logo.png
ภาคใต้,/Users/chamacbook/Desktop/KNA/dep/outputs/clinic_logos_by_region/07_ภาคใต้,/Users/chamacbook/Desktop/KNA/dep/outputs/clinic_logos_by_region/07_ภาคใต้/037_row41_Sk clinic,41,Sk clinic,ยะลา,เมืองยะลา,0902295678,logo.png
ภาคใต้,/Users/chamacbook/Desktop/KNA/dep/outputs/clinic_logos_by_region/07_ภาคใต้,/Users/chamacbook/Desktop/KNA/dep/outputs/clinic_logos_by_region/07_ภาคใต้/038_row42_พญ. รัศมิทัศนย์ แก้วกระจ่าง,42,พญ. รัศมิทัศนย์ แก้วกระจ่าง,ยะลา,เมืองยะลา,0935829370,logo.png
ภาคใต้,/Users/chamacbook/Desktop/KNA/dep/outputs/clinic_logos_by_region/07_ภาคใต้,/Users/chamacbook/Desktop/KNA/dep/outputs/clinic_logos_by_region/07_ภาคใต้/039_row43_เมดิน่า คลินิก,43,เมดิน่า คลินิก,ยะลา,เมืองยะลา,0982622230,logo.png
ภาคใต้,/Users/chamacbook/Desktop/KNA/dep/outputs/clinic_logos_by_region/07_ภาคใต้,/Users/chamacbook/Desktop/KNA/dep/outputs/clinic_logos_by_region/07_ภาคใต้/040_row44_คลินิคเวชกรรมแพทย์ชัยสิทธิ์,44,คลินิคเวชกรรมแพทย์ชัยสิทธิ์,สงขลา,ระโนด,0895877272,logo.png
ภาคใต้,/Users/chamacbook/Desktop/KNA/dep/outputs/clinic_logos_by_region/07_ภาคใต้,/Users/chamacbook/Desktop/KNA/dep/outputs/clinic_logos_by_region/07_ภาคใต้/041_row45_Dr.fon clinic,45,Dr.fon clinic,สงขลา,หาดใหญ่,0632989465,logo.png
ภาคใต้,/Users/chamacbook/Desktop/KNA/dep/outputs/clinic_logos_by_region/07_ภาคใต้,/Users/chamacbook/Desktop/KNA/dep/outputs/clinic_logos_by_region/07_ภาคใต้/042_row46_Moko clinic,46,Moko clinic,สงขลา,หาดใหญ่,0950451477,logo.png
ภาคใต้,/Users/chamacbook/Desktop/KNA/dep/outputs/clinic_logos_by_region/07_ภาคใต้,/Users/chamacbook/Desktop/KNA/dep/outputs/clinic_logos_by_region/07_ภาคใต้/043_row47_RA Clinic,47,RA Clinic,สงขลา,หาดใหญ่,0932626463,logo.png
ภาคใต้,/Users/chamacbook/Desktop/KNA/dep/outputs/clinic_logos_by_region/07_ภาคใต้,/Users/chamacbook/Desktop/KNA/dep/outputs/clinic_logos_by_region/07_ภาคใต้/044_row48_วารา คลินิก,48,วารา คลินิก,สงขลา,หาดใหญ่,0914995141,logo.png
ภาคใต้,/Users/chamacbook/Desktop/KNA/dep/outputs/clinic_logos_by_region/07_ภาคใต้,/Users/chamacbook/Desktop/KNA/dep/outputs/clinic_logos_by_region/07_ภาคใต้/045_row49_อเมทิส คลินิค,49,อเมทิส คลินิค,สงขลา,หาดใหญ่,0922578399,logo.png
ภาคใต้,/Users/chamacbook/Desktop/KNA/dep/outputs/clinic_logos_by_region/07_ภาคใต้,/Users/chamacbook/Desktop/KNA/dep/outputs/clinic_logos_by_region/07_ภาคใต้/046_row50_เมืองสมบัติคลินิก,50,เมืองสมบัติคลินิก,สงขลา,หาดใหญ่,0909159889,logo.png
ภาคใต้,/Users/chamacbook/Desktop/KNA/dep/outputs/clinic_logos_by_region/07_ภาคใต้,/Users/chamacbook/Desktop/KNA/dep/outputs/clinic_logos_by_region/07_ภาคใต้/047_row51_HOME clinic,51,HOME clinic,สุราษฎร์ธานี,เมืองสุราษฎร์ธานี,0877485555,logo.png
ภาคใต้,/Users/chamacbook/Desktop/KNA/dep/outputs/clinic_logos_by_region/07_ภาคใต้,/Users/chamacbook/Desktop/KNA/dep/outputs/clinic_logos_by_region/07_ภาคใต้/048_row52_Self wellness clinic,52,Self wellness clinic,สุราษฎร์ธานี,เมืองสุราษฎร์ธานี,0990052295,logo.png
ภาคใต้,/Users/chamacbook/Desktop/KNA/dep/outputs/clinic_logos_by_region/07_ภาคใต้,/Users/chamacbook/Desktop/KNA/dep/outputs/clinic_logos_by_region/07_ภาคใต้/049_row53_ดิ เอสเธนี่ คลินิก โดยหมอป่าน คลินิกเฉพาะทางด้านเวชกรรมศัลยศาสตร์ตกแต่ง,53,ดิ เอสเธนี่ คลินิก โดยหมอป่าน คลินิกเฉพาะทางด้านเวชกรรมศัลยศาสตร์ตกแต่ง,สุราษฎร์ธานี,เมืองสุราษฎร์ธานี,0819795265,logo.png
